file,page,total_pages,province,constituency,district,sub_district,station_range,vote_type,form_type,ocr_vote_type,ocr_constituency,ocr_station_no,ocr_village_no,ocr_sub_district,ocr_district,registered_voters,turnout,ballots_received,valid_ballots,invalid_ballots,no_vote_ballots,remaining_ballots,total_votes,candidates_count,candidates_json
เขตเลือกตั้งที่ 7\อำเภอแก้งคร้อ\ต.หนองขาม-แบ่งเขต-หน่วยที่ 1-14.pdf,1,1,ชัยภูมิ,7,แก้งคร้อ,หนองขาม,1-14,แบ่งเขต,สส.5/18,แบ่งเขต,7,14,13,หนองหาน,,31,31,221,222,223,23,480,309,11,"[{""number"": 1, ""name"": ""นายกิตติธัช คำวงษ์"", ""party"": null, ""votes"": null}, {""number"": 2, ""name"": ""นายกิติพร เศรษฐภูมิภักดี"", ""party"": ""ประชาชน"", ""votes"": 40}, {""number"": 3, ""name"": ""นายจอมจักรภพ วัชระจินดาวัฒนะ"", ""party"": ""เพื่อไทย"", ""votes"": 3}, {""number"": 4, ""name"": ""นายชานนท์ ต่อสกุล"", ""party"": null, ""votes"": null}, {""number"": 5, ""name"": ""นางสาวปัญชลีย์ วัฒนชัยศาสตร์"", ""party"": ""พลังประชารัฐ"", ""votes"": null}, {""number"": 6, ""name"": ""นายอัครแสนคีรี โล่ห์วีระ"", ""party"": ""ภูมิใจไทย"", ""votes"": null}, {""number"": 7, ""name"": ""นายพลากร ภูมินอก"", ""party"": ""ประชาธิปัตย์"", ""votes"": null}, {""number"": 8, ""name"": ""นายธีรวุฒิ พงษ์จันทร์"", ""party"": ""ไทยก้าวใหม่"", ""votes"": null}, {""number"": 9, ""name"": ""นายอดิเรก ดวงวันนี้"", ""party"": ""ประชาธิปไตยใหม่"", ""votes"": null}, {""number"": 10, ""name"": ""นางสุชามนต์ เครือเครา"", ""party"": ""ไทยทรัพย์ทวี"", ""votes"": null}, {""number"": 11, ""name"": ""นางอรุณณี งามจิตสุวรรณ"", ""party"": null, ""votes"": null}]"
เขตเลือกตั้งที่ 7\อำเภอแก้งคร้อ\ต.ท่ามะไฟหวาน-แบ่งเขต-หน่วยที่ 1-11.pdf,1,1,ชัยภูมิ,7,แก้งคร้อ,ท่ามะไฟหวาน,1-11,แบ่งเขต,สส.5/18,,,,,,,,,,,,,,,0,[]
เขตเลือกตั้งที่ 4\อำเภอหนองบัวแดง\แบ่งเขต\ต.วังชมภู-แบ่งเขต-หน่วยที่ 1-12.pdf,1,24,ชัยภูมิ,4,หนองบัวแดง,วังชมภู,1-12,แบ่งเขต,สส.5/18,แบ่งเขต,4,,,,,299,399,220,,223,23,195,595,8,"[{""number"": 1, ""name"": ""นายวรฉัตร พงศ์ธีระดุลย์"", ""party"": ""สังกัด"", ""votes"": null}, {""number"": 2, ""name"": ""นายสิทธิพล ภูธรณ์"", ""party"": ""ประชาชน"", ""votes"": 42}, {""number"": 3, ""name"": ""นางสาวน้ำฝน หอมชาลี"", ""party"": ""ประชาธิปัตย์"", ""votes"": 105}, {""number"": null, ""name"": ""นายณรงค์ฤทธิ์ มอบสันเทียะ"", ""party"": ""รวมไทยสร้างชาติ"", ""votes"": 31}, {""number"": null, ""name"": ""นางสาวสุชาดา ซาง แทนทรัพย์"", ""party"": ""ภูมิใจไทย"", ""votes"": 216}, {""number"": null, ""name"": ""นางสาวกาญจนา จังหวะ"", ""party"": ""กล้าธรรม"", ""votes"": null}, {""number"": null, ""name"": ""นางสาวนงค์คราญ ฤๅชาญ"", ""party"": ""ประชาธิปไตยใหม่"", ""votes"": null}, {""number"": null, ""name"": ""นายชาติชาย อาจสนาม"", ""party"": ""เศรษฐกิจ"", ""votes"": null}]"
เขตเลือกตั้งที่ 4\อำเภอหนองบัวแดง\แบ่งเขต\ต.วังชมภู-แบ่งเขต-หน่วยที่ 1-12.pdf,2,24,ชัยภูมิ,4,หนองบัวแดง,วังชมภู,1-12,แบ่งเขต,สส.5/18,,,,,,,,,,,,,,,0,[]
เขตเลือกตั้งที่ 5\อำเภอคอนสาร\แบ่งเขต\ดงบัง-แบ่งเขต-หน่วยที่ 1-9.pdf,1,18,ชัยภูมิ,5,คอนสาร,,1-9,แบ่งเขต,สส.5/18,แบ่งเขต,5,,,าล,,25,24,221,222,420,1,420,,11,"[{""number"": 1, ""name"": ""นายชยนนท์ คำเบ้า"", ""party"": ""ประชาธิปัตย์"", ""votes"": null}, {""number"": 2, ""name"": ""นายธนกฤต จรรย์โกมล"", ""party"": ""ภูมิใจไทย"", ""votes"": 74}, {""number"": 3, ""name"": ""ส.อ.นิติภัส สุภาพงษ์นันทกุล"", ""party"": ""รวมไทยสร้างชาติ"", ""votes"": null}, {""number"": 4, ""name"": ""นายสุขสันต์ ชื่นจิตร"", ""party"": ""กล้าธรรม"", ""votes"": 34}, {""number"": 5, ""name"": ""นายศิวะ พงศ์ธีระดุลย์"", ""party"": null, ""votes"": null}, {""number"": 6, ""name"": ""นายอภิเดช ประทุมแก้ว"", ""party"": ""เพื่อไทย"", ""votes"": 135}, {""number"": 7, ""name"": ""นายศรคม ภูชา"", ""party"": ""พลังประชารัฐ"", ""votes"": null}, {""number"": 8, ""name"": ""นายหนูเสน พรมวงศ์"", ""party"": ""ทางเลือกใหม่"", ""votes"": null}, {""number"": 9, ""name"": ""นายวิชัย ปัญญา"", ""party"": ""ไทยทรัพย์ทวี"", ""votes"": null}, {""number"": 10, ""name"": ""นายปิยชัย โชติมาวณิช"", ""party"": ""เศรษฐกิจ"", ""votes"": null}, {""number"": 11, ""name"": ""นายจงเจริญ เอกทวีกุล"", ""party"": ""ประชากรไทย"", ""votes"": null}]"
เขตเลือกตั้งที่ 5\อำเภอคอนสาร\แบ่งเขต\ดงบัง-แบ่งเขต-หน่วยที่ 1-9.pdf,2,18,ชัยภูมิ,5,คอนสาร,,1-9,แบ่งเขต,สส.5/18,,,,,,,,,,,,,,,0,[]
เขตเลือกตั้งที่ 3\อำเภอเทพสถิต\วะตะแบก-001-แบ่งเขต.PDF,1,10,ชัยภูมิ,3,เทพสถิต,วะตะแบก,001,แบ่งเขต,สส.5/18,แบ่งเขต,,,,,ขต,6,,221,222,223,23,10,,5,"[{""number"": 1, ""name"": ""นายสัมฤทธิ์ แทนทรัพย์"", ""party"": ""สังกัด"", ""votes"": 145}, {""number"": 2, ""name"": ""นางสาวพิศมัย สร้อยสุวรรณ"", ""party"": null, ""votes"": null}, {""number"": 3, ""name"": ""นายกฤษณ์ คูณรัตนศิริ"", ""party"": null, ""votes"": null}, {""number"": 4, ""name"": ""นายวีระ ถนอมธรรม"", ""party"": null, ""votes"": null}, {""number"": 5, ""name"": ""นายสนั่น พัชรเดชโสภณ"", ""party"": ""รวมไทยสร้างชาติ"", ""votes"": 28}]"
เขตเลือกตั้งที่ 3\อำเภอเทพสถิต\วะตะแบก-001-แบ่งเขต.PDF,2,10,ชัยภูมิ,3,เทพสถิต,วะตะแบก,001,แบ่งเขต,สส.5/18,,,,,,,,,,,,,,,0,[]
เขตเลือกตั้งที่ 1\อำเภอเมืองชัยภูมิ\โคกสูง-001-แบ่งเขต.PDF,1,12,ชัยภูมิ,1,เมืองชัยภูมิ,โคกสูง,001,แบ่งเขต,สส.5/18,แบ่งเขต,,,,าล,,,,221,222,223,23,4,314,10,"[{""number"": 1, ""name"": ""นางสาวนัฏฐิกา โล่ห์วีระ"", ""party"": ""สังกัด"", ""votes"": null}, {""number"": 2, ""name"": ""นายดิเรก ผาสุขมูล"", ""party"": null, ""votes"": null}, {""number"": 2, ""name"": ""นายวรวุฒิ จอดนอก"", ""party"": ""ไทยก้าวใหม่"", ""votes"": null}, {""number"": 3, ""name"": ""นายวรพล พรมเมืองเก่า"", ""party"": ""ประชาธิปัตย์"", ""votes"": null}, {""number"": 4, ""name"": ""นายโอษฐ์ เกียรติก้องชูชัย"", ""party"": ""เพื่อไทย"", ""votes"": null}, {""number"": 5, ""name"": ""นายอนุชา เจริญรักษ์"", ""party"": null, ""votes"": null}, {""number"": 6, ""name"": ""นายอาวุธ ปะเมโท"", ""party"": null, ""votes"": null}, {""number"": 7, ""name"": ""นางสาวเกวลิน ชัยวัฒนกุลวานิช"", ""party"": ""ก้าวอิสระ"", ""votes"": null}, {""number"": 8, ""name"": ""นายเกษมศักดิ์ อัครเพศ"", ""party"": ""ภูมิใจไทย"", ""votes"": null}, {""number"": 10, ""name"": ""นายวันชัย ลือมงคล"", ""party"": ""เศรษฐกิจ"", ""votes"": null}]"
เขตเลือกตั้งที่ 1\อำเภอเมืองชัยภูมิ\โคกสูง-001-แบ่งเขต.PDF,2,12,ชัยภูมิ,1,เมืองชัยภูมิ,โคกสูง,001,แบ่งเขต,สส.5/18,,,,,,,,,,,,,,,0,[]
เขตเลือกตั้งที่ 4\อำเภอภักดีชุมพล\แบ่งเขต\ต.แหลมทอง-แบ่งเขต-หน่วยที่ 1-13.pdf,1,13,ชัยภูมิ,4,ภักดีชุมพล,แหลมทอง,1-13,แบ่งเขต,สส.5/18,แบ่งเขต,4,1,,วง,ขต,146,40,221,222,223,23,760,415,8,"[{""number"": 1, ""name"": ""นายวรฉัตร พงศ์ธีระดุลย์"", ""party"": null, ""votes"": null}, {""number"": 2, ""name"": ""นายสิทธิพล ภูธรณ์"", ""party"": ""สังกัด"", ""votes"": null}, {""number"": 3, ""name"": ""นางสาวน้ำฝน หอมชาลี"", ""party"": ""ประชาธิปัตย์"", ""votes"": null}, {""number"": 4, ""name"": ""นายณรงค์ฤทธิ์ มอบสันเทียะ"", ""party"": ""รวมไทยสร้างชาติ"", ""votes"": null}, {""number"": 5, ""name"": ""นางสาวสุชาดา ชาง แทนทรัพย์"", ""party"": ""ภูมิใจไทย"", ""votes"": 250}, {""number"": 6, ""name"": ""นางสาวกาญจนา จังหวะ"", ""party"": ""กล้าธรรม"", ""votes"": 49}, {""number"": 7, ""name"": ""นางสาวนงค์คราญ ฤชาญ"", ""party"": ""ประชาธิปไตยใหม่"", ""votes"": null}, {""number"": 8, ""name"": ""นายชาติชาย อาจสนาม"", ""party"": ""เศรษฐกิจ"", ""votes"": null}]"
เขตเลือกตั้งที่ 4\อำเภอภักดีชุมพล\แบ่งเขต\ต.แหลมทอง-แบ่งเขต-หน่วยที่ 1-13.pdf,2,13,ชัยภูมิ,4,ภักดีชุมพล,แหลมทอง,1-13,แบ่งเขต,สส.5/18,แบ่งเขต,4,2,2,าล,กรมพล,64,6,221,222,223,23,660,,8,"[{""number"": 1, ""name"": ""นายวรฉัตร พงศ์ธีระดุลย์"", ""party"": ""เพื่อไทย 39 สาม มง"", ""votes"": null}, {""number"": 2, ""name"": ""นายสิทธิพล ภูธรณ์"", ""party"": ""ประชาชน"", ""votes"": null}, {""number"": 3, ""name"": ""นางสาวสุชาดา ซาง แทนทรัพย์"", ""party"": ""ภูมิใจไทย"", ""votes"": 202}, {""number"": 4, ""name"": ""นายณรงค์ฤทธิ์ มอบสันเทียะ"", ""party"": ""รวมไทยสร้างชาติ"", ""votes"": null}, {""number"": 5, ""name"": ""นางสาวน้ำฝน หอมชาลี"", ""party"": ""ประชาธิปัตย์"", ""votes"": 974}, {""number"": 6, ""name"": ""นางสาวกาญจนา จังหวะ"", ""party"": ""กล้าธรรม"", ""votes"": null}, {""number"": 7, ""name"": ""นางสาวนงค์คราญ ฤชาญ"", ""party"": ""ประชาธิปไตยใหม่"", ""votes"": null}, {""number"": 8, ""name"": ""นายชาติชาย อาจสนาม"", ""party"": ""เศรษฐกิจ"", ""votes"": null}]"
เขตเลือกตั้งที่ 4\อำเภอเกษตรสมบูรณ์ (เฉพาะ ต.หนองข่า)\แบ่งเขต\ต.หนองข่า-แบ่งเขต-หน่วยที่ 1-13.pdf,1,26,ชัยภูมิ,4,เกษตรสมบูรณ์ (เฉพาะ ต.หนองข่า),หนองข่า,1-13,แบ่งเขต,สส.5/18,แบ่งเขต,4,,,าล,เม,40,24,221,222,223,23,,238,8,"[{""number"": 1, ""name"": ""นางสาวกาญจนา จังหวะ"", ""party"": ""กล้าธรรม"", ""votes"": 26}, {""number"": 2, ""name"": ""นายสิทธิพล ภูธรณ์"", ""party"": null, ""votes"": null}, {""number"": 3, ""name"": ""นายณรงค์ฤทธิ์ มอบสันเทียะ"", ""party"": ""ประชาชน"", ""votes"": null}, {""number"": 4, ""name"": ""นางสาวน้ำฝน หอมชาลี"", ""party"": null, ""votes"": null}, {""number"": 5, ""name"": ""นางสาวสุชาดา ซาง แทนทรัพย์"", ""party"": ""ภูมิใจไทย"", ""votes"": null}, {""number"": 6, ""name"": ""นายวรฉัตร พงศ์ธีระดุลย์"", ""party"": ""สังกัด"", ""votes"": null}, {""number"": 7, ""name"": ""นางสาวนงค์คราญ ฤๅชาญ"", ""party"": ""ประชาธิปไตยใหม่"", ""votes"": null}, {""number"": 8, ""name"": ""นายชาติชาย อาจสนาม"", ""party"": null, ""votes"": null}]"
เขตเลือกตั้งที่ 4\อำเภอเกษตรสมบูรณ์ (เฉพาะ ต.หนองข่า)\แบ่งเขต\ต.หนองข่า-แบ่งเขต-หน่วยที่ 1-13.pdf,2,26,ชัยภูมิ,4,เกษตรสมบูรณ์ (เฉพาะ ต.หนองข่า),หนองข่า,1-13,แบ่งเขต,สส.5/18,,,,,,,,,,,,,,,0,[]
เขตเลือกตั้งที่ 1\อำเภอเมืองชัยภูมิ\ลาดใหญ่-002-แบ่งเขต.PDF,1,14,ชัยภูมิ,1,เมืองชัยภูมิ,ลาดใหญ่,002,แบ่งเขต,สส.5/18,แบ่งเขต,,,1,าล,ขต,522,24,221,,223,23,590,,10,"[{""number"": 1, ""name"": ""นางสาวเกวลิน ชัยวัฒนกุลวานิช"", ""party"": null, ""votes"": null}, {""number"": 2, ""name"": ""นายวรวุฒิ จอดนอก"", ""party"": ""ภูมิใจไทย"", ""votes"": null}, {""number"": 3, ""name"": ""นายวรพล พรมเมืองเก่า"", ""party"": null, ""votes"": null}, {""number"": 4, ""name"": ""นายโอษฐ์ เกียรติก้องชูชัย"", ""party"": null, ""votes"": null}, {""number"": 5, ""name"": ""นายอนุชา เจริญรักษ์"", ""party"": null, ""votes"": 60}, {""number"": 6, ""name"": ""นางสาวนัฏฐิกา โล่ห์วีระ"", ""party"": ""สังกัด"", ""votes"": null}, {""number"": 7, ""name"": ""นายอาวุธ ปะเมโท"", ""party"": null, ""votes"": null}, {""number"": 8, ""name"": ""นายเกษมศักดิ์ อัครเพศ"", ""party"": ""ทางเลือกใหม่"", ""votes"": null}, {""number"": 9, ""name"": ""นายดิเรก ผาสุขมูล"", ""party"": null, ""votes"": null}, {""number"": 10, ""name"": ""นายวันชัย ลือมงคล"", ""party"": ""เศรษฐกิจ"", ""votes"": 49}]"
เขตเลือกตั้งที่ 1\อำเภอเมืองชัยภูมิ\ลาดใหญ่-002-แบ่งเขต.PDF,2,14,ชัยภูมิ,1,เมืองชัยภูมิ,ลาดใหญ่,002,แบ่งเขต,สส.5/18,,,,,,,,,,,,,,,0,[]
เขตเลือกตั้งที่ 1\อำเภอเมืองชัยภูมิ\ลาดใหญ่-001-แบ่งเขต.PDF,1,14,ชัยภูมิ,1,เมืองชัยภูมิ,ลาดใหญ่,001,แบ่งเขต,สส.5/18,แบ่งเขต,,,,ต่างอำเภอ,,450,,221,222,223,3,,,10,"[{""number"": 1, ""name"": ""นางสาวนัฏฐิกา โล่ห์วีระ"", ""party"": ""สังกัด"", ""votes"": null}, {""number"": 2, ""name"": ""นายโอษฐ์ เกียรติก้องชูชัย"", ""party"": null, ""votes"": null}, {""number"": 2, ""name"": ""นายเกษมศักดิ์ อัครเพศ"", ""party"": ""ทางเลือกใหม่"", ""votes"": null}, {""number"": 3, ""name"": ""นายดิเรก ผาสุขมูล"", ""party"": null, ""votes"": null}, {""number"": 4, ""name"": ""นางสาวเกวลิน ชัยวัฒนกุลวานิช"", ""party"": ""กล้าธรรม"", ""votes"": 17}, {""number"": 5, ""name"": ""นายวรพล พรมเมืองเก่า"", ""party"": ""เพื่อไทย"", ""votes"": 216}, {""number"": 6, ""name"": ""นายอาวุธ ปะเมโท"", ""party"": ""ก้าวอิสระ"", ""votes"": null}, {""number"": 7, ""name"": ""นายอนุชา เจริญรักษ์"", ""party"": null, ""votes"": null}, {""number"": 8, ""name"": ""นายวรวุฒิ จอดนอก"", ""party"": ""ไทยก้าวใหม่"", ""votes"": null}, {""number"": 10, ""name"": ""นายวันชัย ลือมงคล"", ""party"": ""เศรษฐกิจ"", ""votes"": null}]"
เขตเลือกตั้งที่ 1\อำเภอเมืองชัยภูมิ\ลาดใหญ่-001-แบ่งเขต.PDF,2,14,ชัยภูมิ,1,เมืองชัยภูมิ,ลาดใหญ่,001,แบ่งเขต,สส.5/18,,,,,,,,,,,,,,,0,[]
เขตเลือกตั้งที่ 1\อำเภอเมืองชัยภูมิ\บ้านค่ายหมื่นแผ้ว-001-แบ่งเขต.PDF,1,16,ชัยภูมิ,1,เมืองชัยภูมิ,บ้านค่ายหมื่นแผ้ว,001,แบ่งเขต,สส.5/18,แบ่งเขต,,,,าล,,,,221,222,223,23,294,5050,10,"[{""number"": 1, ""name"": ""นายวรวุฒิ จอดนอก"", ""party"": ""ภูมิใจไทย"", ""votes"": 306}, {""number"": 2, ""name"": ""นายเกษมศักดิ์ อัครเพศ"", ""party"": ""ทางเลือกใหม่"", ""votes"": 110}, {""number"": 3, ""name"": ""นางสาวนัฏฐิกา โล่ห์วีระ"", ""party"": ""สังกัด"", ""votes"": null}, {""number"": 4, ""name"": ""นางสาวเกวลิน ชัยวัฒนกุลวานิช"", ""party"": null, ""votes"": null}, {""number"": 5, ""name"": ""นายอาวุธ ปะเมโท"", ""party"": ""รวมไทยสร้างชาติ"", ""votes"": null}, {""number"": 6, ""name"": ""นายโอชิษฐ์ เกียรติก้องชูชัย"", ""party"": null, ""votes"": null}, {""number"": 7, ""name"": ""นายดิเรก ผาสุขมูล"", ""party"": ""ไทยก้าวใหม่"", ""votes"": null}, {""number"": 8, ""name"": ""นายวรพล พรมเมืองเก่า"", ""party"": ""เพื่อไทย"", ""votes"": null}, {""number"": 9, ""name"": ""นายอนุชา เจริญรักษ์"", ""party"": ""กล้าธรรม"", ""votes"": 6}, {""number"": 10, ""name"": ""นายวันชัย ลือมงคล"", ""party"": ""เศรษฐกิจ"", ""votes"": 2}]"
เขตเลือกตั้งที่ 1\อำเภอเมืองชัยภูมิ\บ้านค่ายหมื่นแผ้ว-001-แบ่งเขต.PDF,2,16,ชัยภูมิ,1,เมืองชัยภูมิ,บ้านค่ายหมื่นแผ้ว,001,แบ่งเขต,สส.5/18,,,,,,,,,,,,,,,0,[]
เขตเลือกตั้งที่ 2\อำเภอจัตุรัส\ทต.จัตุรัส ทต.บ้านกอก-แบ่งเขต_บัญชีรายชื่อ.pdf,1,46,ชัยภูมิ,2,จัตุรัส,จัตุรัส ทต.บ้านกอก,,แบ่งเขต+บัญชีรายชื่อ,สส.5/18,แบ่งเขต,2,,,,เสร็จสิ้นเป็นที่เรียบร้อยแล้ว,2,22,221,222,223,23,220,11765,7,"[{""number"": 1, ""name"": ""นายประเสริฐศักดิ์ ขำหินตั้ง"", ""party"": ""ไทยก้าวใหม่"", ""votes"": 4}, {""number"": 2, ""name"": ""นายเชิงชาย ชาลีรินทร์"", ""party"": ""เพื่อไทย"", ""votes"": 128}, {""number"": 3, ""name"": ""นายโสโชค สู้โนนตาด"", ""party"": ""รวมไทยสร้างชาติ"", ""votes"": null}, {""number"": 4, ""name"": ""นายณรงค์ แขนอก"", ""party"": ""ประชาธิปัตย์"", ""votes"": null}, {""number"": 5, ""name"": ""นายทัศนัย สุขประสาร"", ""party"": ""ภูมิใจไทย"", ""votes"": null}, {""number"": 8, ""name"": ""นายถวัลย์ หงษ์ไทย"", ""party"": ""เศรษฐกิจ"", ""votes"": 3}, {""number"": 10, ""name"": ""นางสาววาสนา อยู่ภักดี"", ""party"": ""ประชาชน"", ""votes"": 39}]"
เขตเลือกตั้งที่ 2\อำเภอจัตุรัส\ทต.จัตุรัส ทต.บ้านกอก-แบ่งเขต_บัญชีรายชื่อ.pdf,2,46,ชัยภูมิ,2,จัตุรัส,จัตุรัส ทต.บ้านกอก,,แบ่งเขต+บัญชีรายชื่อ,สส.5/18,,,,,,,,,,,,,,,0,[]
เขตเลือกตั้งที่ 2\อำเภอบ้านเขว้า\ต.โนนแดง-แบ่งเขต.PDF,1,20,ชัยภูมิ,2,บ้านเขว้า,โนนแดง,,แบ่งเขต,สส.5/18,แบ่งเขต,2,1,1,าล,มา,1,371,221,222,223,23,590,999,7,"[{""number"": 1, ""name"": ""นายประเสริฐศักดิ์ ขำหินตั้ง"", ""party"": ""ไทยก้าวใหม่"", ""votes"": 3}, {""number"": 2, ""name"": ""นายเชิงชาย ชาลีรินทร์"", ""party"": null, ""votes"": null}, {""number"": 3, ""name"": ""นายณรงค์ แบนอก"", ""party"": ""ประชาชน"", ""votes"": 64}, {""number"": 4, ""name"": ""นางสาววาสนา อยู่ภักดี"", ""party"": null, ""votes"": null}, {""number"": 5, ""name"": ""นายทัศนัย สุขประสาร"", ""party"": ""ภูมิใจไทย"", ""votes"": 1801}, {""number"": 6, ""name"": ""นายถวัลย์ หงษ์ไทย"", ""party"": ""เศรษฐกิจ"", ""votes"": null}, {""number"": 12, ""name"": ""นายโสโชค สู้โนนตาด"", ""party"": ""รวมไทยสร้างชาติ"", ""votes"": null}]"
เขตเลือกตั้งที่ 2\อำเภอบ้านเขว้า\ต.โนนแดง-แบ่งเขต.PDF,2,20,ชัยภูมิ,2,บ้านเขว้า,โนนแดง,,แบ่งเขต,สส.5/18,,,,,,,,,,,,,,,0,[]
เขตเลือกตั้งที่ 2\อำเภอจัตุรัส\ต.หนองบัวใหญ่-แบ่งเขต_บัญชีรายชื่อ.pdf,1,71,ชัยภูมิ,2,จัตุรัส,หนองบัวใหญ่,,แบ่งเขต+บัญชีรายชื่อ,สส.5/18,แบ่งเขต,2,1,1,ได้แล้วป่าน,แบ่งเ,6,,221,26,223,23,29,406,6,"[{""number"": 1, ""name"": ""นางสาววาสนา อยู่ภักดี"", ""party"": ""ประชาชน"", ""votes"": null}, {""number"": 2, ""name"": ""นายเชิงชาย ชาลีรินทร์"", ""party"": ""เพื่อไทย 3น สามหd t"", ""votes"": 1}, {""number"": 3, ""name"": ""นายณรงค์ แขนอก"", ""party"": ""ประชาธิปัตย์ 5"", ""votes"": null}, {""number"": 4, ""name"": ""นายถวัลย์ หงษ์ไทย"", ""party"": ""เศรษฐกิจ"", ""votes"": null}, {""number"": 5, ""name"": ""นายทัศนัย สุขประสาร"", ""party"": ""ภูมิใจไทย"", ""votes"": null}, {""number"": 10, ""name"": ""นายโสโชค สู้โนนตาด"", ""party"": ""รวมไทยสร้างชาติ 2"", ""votes"": 200}]"
เขตเลือกตั้งที่ 2\อำเภอจัตุรัส\ต.หนองบัวใหญ่-แบ่งเขต_บัญชีรายชื่อ.pdf,2,71,ชัยภูมิ,2,จัตุรัส,หนองบัวใหญ่,,แบ่งเขต+บัญชีรายชื่อ,สส.5/18,,,,,,,,,,,,,,,0,[]
เขตเลือกตั้งที่ 2\อำเภอเนินสง่า\รังงาม-001-แบ่งเขต.PDF,1,20,ชัยภูมิ,2,เนินสง่า,รังงาม,001,แบ่งเขต,สส.5/18,แบ่งเขต,2,,,าล,เป็นสา,32,237,221,222,223,23,380,221,7,"[{""number"": 1, ""name"": ""นายถวัลย์ หงษ์ไทย"", ""party"": ""เศรษฐกิจ"", ""votes"": null}, {""number"": 2, ""name"": ""นายประเสริฐศักดิ์ ขำหินตั้ง"", ""party"": ""สังกัด"", ""votes"": null}, {""number"": 2, ""name"": ""นางสาววาสนา อยู่ภักดี"", ""party"": null, ""votes"": null}, {""number"": 4, ""name"": ""นายณรงค์ แขนอก"", ""party"": ""ประชาธิปัตย์"", ""votes"": 500}, {""number"": 4, ""name"": ""นายโสโชค สู้โนนตาด"", ""party"": ""รวมไทยสร้างชาติ"", ""votes"": null}, {""number"": 5, ""name"": ""นายทัศนัย สุขประสาร"", ""party"": ""ภูมิใจไทย"", ""votes"": null}, {""number"": 6, ""name"": ""นายเชิงชาย ชาลีรินทร์"", ""party"": ""ประชาชน"", ""votes"": 39}]"
เขตเลือกตั้งที่ 2\อำเภอเนินสง่า\รังงาม-001-แบ่งเขต.PDF,2,20,ชัยภูมิ,2,เนินสง่า,รังงาม,001,แบ่งเขต,สส.5/18,,,,,,,,,,,,,,,0,[]
เขตเลือกตั้งที่ 2\อำเภอบ้านเขว้า\ภูแลนคา-แบ่งเขต.PDF,1,20,ชัยภูมิ,2,บ้านเขว้า,,,แบ่งเขต,สส.5/18,แบ่งเขต,2,2,,วง,บ้านเทวา,9,243,500,222,223,23,25,,7,"[{""number"": 1, ""name"": ""นายประเสริฐศักดิ์ ขำหินตั้ง"", ""party"": ""ไทยก้าวใหม่"", ""votes"": 1}, {""number"": 2, ""name"": ""นางสาววาสนา อยู่ภักดี"", ""party"": ""ประชาชน"", ""votes"": null}, {""number"": 3, ""name"": ""นายณรงค์ แขนอก"", ""party"": null, ""votes"": null}, {""number"": 4, ""name"": ""นายทัศนัย สุขประสาร"", ""party"": null, ""votes"": null}, {""number"": 5, ""name"": ""นายเชิงชาย ชาลีรินทร์"", ""party"": ""เพื่อไทย"", ""votes"": null}, {""number"": null, ""name"": ""นายโสโชค สู้โนนตาด"", ""party"": null, ""votes"": null}, {""number"": null, ""name"": ""นายถวัลย์ หงษ์ไทย"", ""party"": null, ""votes"": null}]"
เขตเลือกตั้งที่ 2\อำเภอบ้านเขว้า\ภูแลนคา-แบ่งเขต.PDF,2,20,ชัยภูมิ,2,บ้านเขว้า,,,แบ่งเขต,สส.5/18,,,,,,,,,,,,,,,0,[]
เขตเลือกตั้งที่ 2\อำเภอเนินสง่า\กะฮาด-001-แบ่งเขต.PDF,1,20,ชัยภูมิ,2,เนินสง่า,กะฮาด,001,แบ่งเขต,สส.5/18,แบ่งเขต,2,,,าล,ขต,113,,221,222,223,23,119,107,7,"[{""number"": 1, ""name"": ""นายประเสริฐศักดิ์ ขำหินตั้ง"", ""party"": ""ไทยก้าวใหม่"", ""votes"": null}, {""number"": 2, ""name"": ""นางสาววาสนา อยู่ภักดี"", ""party"": ""ประชาชน"", ""votes"": null}, {""number"": 3, ""name"": ""นายณรงค์ แขนอก"", ""party"": ""ประชาธิปัตย์"", ""votes"": null}, {""number"": 4, ""name"": ""นายถวัลย์ หงษ์ไทย"", ""party"": null, ""votes"": null}, {""number"": 5, ""name"": ""นายทัศนัย สุขประสาร"", ""party"": ""ภูมิใจไทย"", ""votes"": null}, {""number"": 6, ""name"": ""นายโสโชค สู้โนนตาด"", ""party"": ""รวมไทยสร้างชาติ"", ""votes"": null}, {""number"": 25, ""name"": ""นายเชิงชาย ชาลีรินทร์"", ""party"": ""เพื่อไทย"", ""votes"": null}]"
เขตเลือกตั้งที่ 2\อำเภอเนินสง่า\กะฮาด-001-แบ่งเขต.PDF,2,20,ชัยภูมิ,2,เนินสง่า,กะฮาด,001,แบ่งเขต,สส.5/18,,,,,,,,,,,,,,,0,[]
เขตเลือกตั้งที่ 3\อำเภอเทพสถิต\วะตะแบก-001-บัญชีรายชื่อ.PDF,1,20,ชัยภูมิ,3,เทพสถิต,วะตะแบก,001,บัญชีรายชื่อ,สส.5/18,บัญชีรายชื่อ,,,,วง,ขต,60,,221,222,15,,24,,0,[]
เขตเลือกตั้งที่ 3\อำเภอเทพสถิต\วะตะแบก-001-บัญชีรายชื่อ.PDF,2,20,ชัยภูมิ,3,เทพสถิต,วะตะแบก,001,บัญชีรายชื่อ,สส.5/18,บัญชีรายชื่อ,,,,,,,,,,,,,,0,[]
เขตเลือกตั้งที่ 1\อำเภอเมืองชัยภูมิ\โนนสำราญ-001-แบ่งเขต.PDF,1,22,ชัยภูมิ,1,เมืองชัยภูมิ,โนนสำราญ,001,แบ่งเขต,สส.5/18,แบ่งเขต,,,,วง,ขต,4,4,221,222,223,23,,380,10,"[{""number"": 1, ""name"": ""นางสาวนัฏฐิกา โล่ห์วีระ"", ""party"": ""สังกัด"", ""votes"": null}, {""number"": 2, ""name"": ""นายโอษฐ์ เกียรติก้องชูชัย"", ""party"": ""เพื่อไทย"", ""votes"": 242}, {""number"": 2, ""name"": ""นายอาวุธ ปะเมโท"", ""party"": ""รวมไทยสร้างชาติ"", ""votes"": null}, {""number"": 2, ""name"": ""นายดิเรก ผาสุขมูล"", ""party"": null, ""votes"": null}, {""number"": 3, ""name"": ""นายวรพล พรมเมืองเก่า"", ""party"": ""ประชาธิปัตย์"", ""votes"": null}, {""number"": 4, ""name"": ""นางสาวเกวลิน ชัยวัฒนกุลวานิช"", ""party"": ""กล้าธรรม"", ""votes"": null}, {""number"": 5, ""name"": ""นายเกษมศักดิ์ อัครเพศ"", ""party"": ""ไทยก้าวใหม่"", ""votes"": null}, {""number"": 7, ""name"": ""นายวรวุฒิ จอดนอก"", ""party"": null, ""votes"": null}, {""number"": 10, ""name"": ""นายวันชัย ลือมงคล"", ""party"": ""เศรษฐกิจ"", ""votes"": null}, {""number"": 12, ""name"": ""นายอนุชา เจริญรักษ์"", ""party"": ""ก้าวอิสระ"", ""votes"": null}]"
เขตเลือกตั้งที่ 1\อำเภอเมืองชัยภูมิ\โนนสำราญ-001-แบ่งเขต.PDF,2,22,ชัยภูมิ,1,เมืองชัยภูมิ,โนนสำราญ,001,แบ่งเขต,สส.5/18,,,,,,,,,,,,,,,0,[]
เขตเลือกตั้งที่ 4\อำเภอภักดีชุมพล\แบ่งเขต\ต.บ้านเจียง-แบ่งเขต-หน่วยที่ 1-11.pdf,1,22,ชัยภูมิ,4,ภักดีชุมพล,บ้านเจียง,1-11,แบ่งเขต,สส.5/18,แบ่งเขต,4,1,,บ้านเชียง,กรมพล,330,330,221,,223,23,,306,7,"[{""number"": 1, ""name"": ""นายสิทธิพล"", ""party"": ""ภูธรณ์"", ""votes"": null}, {""number"": 2, ""name"": ""นางสาวน้ำฝน หอมชาลี"", ""party"": ""ประชาธิปัตย์"", ""votes"": null}, {""number"": 3, ""name"": ""นางสาวกาญจนา จังหวะ"", ""party"": ""กล้าธรรม"", ""votes"": 47}, {""number"": 4, ""name"": ""นายณรงค์ฤทธิ์ มอบสันเทียะ"", ""party"": ""รวมไทยสร้างชาติ"", ""votes"": null}, {""number"": 5, ""name"": ""นางสาวสุชาดา ซาง แทนทรัพย์"", ""party"": ""ภูมิใจไทย"", ""votes"": 182}, {""number"": 6, ""name"": ""นายชาติชาย อาจสนาม"", ""party"": ""เศรษฐกิจ"", ""votes"": null}, {""number"": 7, ""name"": ""นางสาวนงค์คราญ ฤชาญ"", ""party"": ""ประชาธิปไตยใหม่"", ""votes"": null}]"
เขตเลือกตั้งที่ 4\อำเภอภักดีชุมพล\แบ่งเขต\ต.บ้านเจียง-แบ่งเขต-หน่วยที่ 1-11.pdf,2,22,ชัยภูมิ,4,ภักดีชุมพล,บ้านเจียง,1-11,แบ่งเขต,สส.5/18,,,,,,,,,,,,,,,0,[]
เขตเลือกตั้งที่ 7\07-แบบ ส.ส.5_17-แบ่งเขต-นอกเขต.pdf,1,2,ชัยภูมิ,7,,,,แบ่งเขต,สส.5/17,แบ่งเขต,2,,,,,,,,22,,3,,949,9,"[{""number"": 1, ""name"": ""นายกิตพร เศรษฐกิด"", ""party"": null, ""votes"": null}, {""number"": 2, ""name"": ""นายชานนท์ ทอสกล"", ""party"": null, ""votes"": null}, {""number"": 3, ""name"": ""นายอัครแสนคีรี โร"", ""party"": ""สังกัด"", ""votes"": null}, {""number"": 4, ""name"": ""นางสาวเนตรย์ วัฒนชัยศาสตร์ พลังปะทะ"", ""party"": null, ""votes"": null}, {""number"": 5, ""name"": ""นายจอมจักรา งานวัด เพื่อไทย"", ""party"": null, ""votes"": null}, {""number"": 6, ""name"": ""นายพลากร นอก"", ""party"": null, ""votes"": null}, {""number"": 7, ""name"": ""นายธีรวุฒิ พงศ์จันทร์"", ""party"": null, ""votes"": null}, {""number"": 8, ""name"": ""นายอดิเรก ดวงวันนี้"", ""party"": null, ""votes"": null}, {""number"": 9, ""name"": ""นางสุชามนต์ เครือเคท"", ""party"": null, ""votes"": 1}]"
เขตเลือกตั้งที่ 7\07-แบบ ส.ส.5_17-แบ่งเขต-นอกเขต.pdf,2,2,ชัยภูมิ,7,,,,แบ่งเขต,สส.5/17,,,,,,,,,,,,,,,0,[]
เขตเลือกตั้งที่ 7\07-แบบ ส.ส.5_17-บัญชีรายชื่อ-นอกเขต.pdf,1,4,ชัยภูมิ,7,,,,บัญชีรายชื่อ,สส.5/17,บัญชีรายชื่อ,2,,,,,,,,22,618,,,,0,[]
เขตเลือกตั้งที่ 7\07-แบบ ส.ส.5_17-บัญชีรายชื่อ-นอกเขต.pdf,2,4,ชัยภูมิ,7,,,,บัญชีรายชื่อ,สส.5/17,บัญชีรายชื่อ,,,,,,,,,,,,,,0,[]
เขตเลือกตั้งที่ 7\07-แบบ ส.ส.5_17-บัญชีรายชื่อ-นอกเขต.pdf,3,4,ชัยภูมิ,7,,,,บัญชีรายชื่อ,สส.5/17,บัญชีรายชื่อ,,,,,,,,,,,,,618,0,[]
เขตเลือกตั้งที่ 7\07-แบบ ส.ส.5_16-แบ่งเขต-นอกเขต.pdf,1,2,ชัยภูมิ,7,,,,แบ่งเขต,สส.5/16,แบ่งเขต,,,,,,,,,22,23,2,,4977,0,[]
เขตเลือกตั้งที่ 7\07-แบบ ส.ส.5_16-แบ่งเขต-นอกเขต.pdf,2,2,ชัยภูมิ,7,,,,แบ่งเขต,สส.5/16,,,,,,,,,,,,,,,0,[]
เขตเลือกตั้งที่ 7\07-แบบ ส.ส.5_16-บัญชีรายชื่อ-นอกเขต.pdf,1,4,ชัยภูมิ,7,,,,บัญชีรายชื่อ,สส.5/16,บัญชีรายชื่อ,1,,,,,,,,22,23,,,,0,[]
เขตเลือกตั้งที่ 7\07-แบบ ส.ส.5_16-บัญชีรายชื่อ-นอกเขต.pdf,2,4,ชัยภูมิ,7,,,,บัญชีรายชื่อ,สส.5/16,บัญชีรายชื่อ,,,,,,,,,,,,,,0,[]
เขตเลือกตั้งที่ 7\07-แบบ ส.ส.5_16-บัญชีรายชื่อ-นอกเขต.pdf,3,4,ชัยภูมิ,7,,,,บัญชีรายชื่อ,สส.5/16,บัญชีรายชื่อ,,,,,,,,,,,,,,0,[]
เขตเลือกตั้งที่ 2\02-แบบ ส.ส.5_16-แบ่งเขต-นอกเขต.pdf,1,2,ชัยภูมิ,2,,,,แบ่งเขต,สส.5/16,แบ่งเขต,2,,,,,,,,22,23,18,,18,2,"[{""number"": 1, ""name"": ""นายปรารัฐต"", ""party"": ""โลงสามวา ภักดิ์"", ""votes"": null}, {""number"": 6, ""name"": ""นายทัศน์)"", ""party"": ""ยาง"", ""votes"": 215}]"
เขตเลือกตั้งที่ 2\02-แบบ ส.ส.5_16-แบ่งเขต-นอกเขต.pdf,2,2,ชัยภูมิ,2,,,,แบ่งเขต,สส.5/16,,,,,,,,,,,,,,,0,[]
เขตเลือกตั้งที่ 2\02-แบบ ส.ส.5_16-บัญชีรายชื่อ-นอกเขต.pdf,1,4,ชัยภูมิ,2,,,,บัญชีรายชื่อ,สส.5/16,บัญชีรายชื่อ,2,,,,,,,,22,0,,,,0,[]
เขตเลือกตั้งที่ 2\02-แบบ ส.ส.5_16-บัญชีรายชื่อ-นอกเขต.pdf,2,4,ชัยภูมิ,2,,,,บัญชีรายชื่อ,สส.5/16,บัญชีรายชื่อ,,,,,,,,,,,,,,0,[]
เขตเลือกตั้งที่ 2\02-แบบ ส.ส.5_16-บัญชีรายชื่อ-นอกเขต.pdf,3,4,ชัยภูมิ,2,,,,บัญชีรายชื่อ,สส.5/16,บัญชีรายชื่อ,,,,,,,,,,,,,16,0,[]
เขตเลือกตั้งที่ 4\04-แบบ ส.ส. 5_17-แบ่งเขต-นอกเขต.pdf,1,14,ชัยภูมิ,4,,,,แบ่งเขต,สส.5/17,แบ่งเขต,4,,,,,,,,22,23,552,,552,7,"[{""number"": 1, ""name"": ""นายสิทธิพล ภากรณ์"", ""party"": null, ""votes"": null}, {""number"": 2, ""name"": ""นางสาวน้ำฝน หอมชา ประชาธิปัตย์"", ""party"": null, ""votes"": null}, {""number"": 3, ""name"": ""นายณรงค์ฤทธิ์ มอบสันเทียะ รวมไทยสาวชาติ"", ""party"": ""วงสาวสุชาตา ชาวแทนทรัพย์ ภูมิใจไทย"", ""votes"": null}, {""number"": 4, ""name"": ""นางสาวกาญจนา จังหวะ"", ""party"": null, ""votes"": null}, {""number"": 5, ""name"": ""นางสาวนงค์คราม ฤาชาญ ประชาธิปไตยไทย"", ""party"": null, ""votes"": null}, {""number"": 6, ""name"": ""นายวรฉัตร พงศธรเดอร์ เพื่อไทย"", ""party"": null, ""votes"": null}, {""number"": 7, ""name"": ""นายชาติชาย อาจสนาม เศรษฐกิจ"", ""party"": ""กล้าธรรม"", ""votes"": null}]"
เขตเลือกตั้งที่ 4\04-แบบ ส.ส. 5_17-แบ่งเขต-นอกเขต.pdf,2,14,ชัยภูมิ,4,,,,แบ่งเขต,สส.5/17,,,,,,,,,,,,,,,0,[]
เขตเลือกตั้งที่ 4\04-แบบ ส.ส. 5_17-แบ่งเขต-นอกเขต.pdf,3,14,ชัยภูมิ,4,,,,แบ่งเขต,สส.5/17,แบ่งเขต,4,,,,,,,,22,23,555,,650,1,"[{""number"": 2, ""name"": ""นาย ก พล"", ""party"": ""ปาชาชน"", ""votes"": 325}]"
เขตเลือกตั้งที่ 3\อำเภอบเหน็จณรงค์\โคกเริงรมย์-001-แบ่งเขต.PDF,1,24,ชัยภูมิ,3,บเหน็จณรงค์,โคกเริงรมย์,001,แบ่งเขต,สส.5/18,แบ่งเขต,,1,4,โคกโรมม,มาเจร,54,15,221,222,223,23,205,121297,5,"[{""number"": 1, ""name"": ""นายสัมฤทธิ์ แทนทรัพย์"", ""party"": ""สังกัด"", ""votes"": 190}, {""number"": 2, ""name"": ""นายกฤษณ์ คุณรัตนศิริ"", ""party"": null, ""votes"": null}, {""number"": 3, ""name"": ""นางสาวพิศมัย สร้อยสุวรรณ"", ""party"": null, ""votes"": null}, {""number"": 4, ""name"": ""นายวีระ ถนอมธรรม"", ""party"": null, ""votes"": null}, {""number"": 5, ""name"": ""นายสนั่น พัชรเดชโสภณ"", ""party"": ""ประชาธิปัตย์"", ""votes"": null}]"
เขตเลือกตั้งที่ 3\อำเภอบเหน็จณรงค์\โคกเริงรมย์-001-แบ่งเขต.PDF,2,24,ชัยภูมิ,3,บเหน็จณรงค์,โคกเริงรมย์,001,แบ่งเขต,สส.5/18,,,,,,,,,,,,,,,0,[]
เขตเลือกตั้งที่ 3\อำเภอบเหน็จณรงค์\โคกเริงรมย์-001-แบ่งเขต.PDF,3,24,ชัยภูมิ,3,บเหน็จณรงค์,โคกเริงรมย์,001,แบ่งเขต,สส.5/18,แบ่งเขต,,,,โคกเริงรม,มาเหนือ,252,,221,260,,1,,173,4,"[{""number"": 2, ""name"": ""นายวีระ ถนอมธรรม"", ""party"": ""รวมไทยสร้างชาติ"", ""votes"": null}, {""number"": 4, ""name"": ""นายกฤษณ์ คุณรัตนศิริ"", ""party"": ""ประชาชน"", ""votes"": null}, {""number"": 5, ""name"": ""นางสาวพิศมัย สร้อยสุวรรณ"", ""party"": null, ""votes"": null}, {""number"": 24, ""name"": ""นายสนั่น พัชรเดชโสภณ"", ""party"": ""ประชาธิปัตย์"", ""votes"": null}]"
เขตเลือกตั้งที่ 2\อำเภอซับใหญ่\ท่ากูบ-001-แบ่งเขต.PDF,1,24,ชัยภูมิ,2,ซับใหญ่,ท่ากูบ,001,แบ่งเขต,สส.5/18,แบ่งเขต,,,,,ขต,5,,221,222,223,23,,3304,7,"[{""number"": 1, ""name"": ""นายประเสริฐศักดิ์ ขำหินตั้ง"", ""party"": ""ไทยก้าวใหม่"", ""votes"": null}, {""number"": 2, ""name"": ""นางสาววาสนา อยู่ภักดี"", ""party"": ""ประชาชน"", ""votes"": null}, {""number"": 3, ""name"": ""นายเชิงชาย ชาลีรินทร์"", ""party"": ""เพื่อไทย"", ""votes"": null}, {""number"": 4, ""name"": ""นายณรงค์ แขนอก"", ""party"": ""ประชาธิปัตย์"", ""votes"": null}, {""number"": 5, ""name"": ""นายทัศนัย สุขประสาร"", ""party"": ""ภูมิใจไทย"", ""votes"": null}, {""number"": 6, ""name"": ""นายโสโชค สู้โนนตาด"", ""party"": ""รวมไทยสร้างชาติ"", ""votes"": null}, {""number"": 7, ""name"": ""นายถวัลย์ หงษ์ไทย"", ""party"": ""เศรษฐกิจ"", ""votes"": null}]"
เขตเลือกตั้งที่ 2\อำเภอซับใหญ่\ท่ากูบ-001-แบ่งเขต.PDF,2,24,ชัยภูมิ,2,ซับใหญ่,ท่ากูบ,001,แบ่งเขต,สส.5/18,,,,,,,,,,,,,,,0,[]
เขตเลือกตั้งที่ 2\อำเภอซับใหญ่\ท่ากูบ-001-แบ่งเขต.PDF,3,24,ชัยภูมิ,2,ซับใหญ่,ท่ากูบ,001,แบ่งเขต,สส.5/18,แบ่งเขต,,,,าล,ขต,45,19,50,222,15,4,,,8,"[{""number"": 1, ""name"": ""นายประเสริฐศักดิ์ ขำหินตั้ง"", ""party"": ""ไทยก้าวใหม่"", ""votes"": null}, {""number"": 2, ""name"": ""นางสาววาสนา อยู่ภักดี"", ""party"": ""ประชาชน"", ""votes"": 3}, {""number"": 3, ""name"": ""นายเชิงชาย ชาลีรินทร์"", ""party"": ""เพื่อไทย"", ""votes"": 80}, {""number"": 4, ""name"": ""นางร้าย น้าสมนก"", ""party"": null, ""votes"": null}, {""number"": 5, ""name"": ""นายทัศนัย สุขประสาร"", ""party"": ""ภูมิใจไทย"", ""votes"": null}, {""number"": 6, ""name"": ""นายณรงค์ แขนอก"", ""party"": ""ประชาธิปัตย์"", ""votes"": null}, {""number"": 7, ""name"": ""นายโสโชค สู้โนนตาด"", ""party"": ""รวมไทยสร้างชาติ"", ""votes"": null}, {""number"": null, ""name"": ""นายถวัลย์ หงษ์ไทย"", ""party"": ""เศรษฐกิจ"", ""votes"": null}]"
เขตเลือกตั้งที่ 1\อำเภอเมืองชัยภูมิ\นาเสียว-001-แบ่งเขต.PDF,1,24,ชัยภูมิ,1,เมืองชัยภูมิ,นาเสียว,001,แบ่งเขต,สส.5/18,แบ่งเขต,0,,,เลยว,ขต,31,,221,20,223,23,,313,9,"[{""number"": 1, ""name"": ""นายโอชิษฐ์ เกียรติก้องชูชัย"", ""party"": ""เพื่อไทย"", ""votes"": 141}, {""number"": 2, ""name"": ""นายเกษมศักดิ์ อัครเพศ"", ""party"": ""ทางเลือกใหม่"", ""votes"": null}, {""number"": 3, ""name"": ""นายวรพล พรมเมืองเก่า"", ""party"": ""ประชาธิปัตย์"", ""votes"": null}, {""number"": 4, ""name"": ""นายอาวุธ ปะเมโท"", ""party"": ""รวมไทยสร้างชาติ"", ""votes"": null}, {""number"": 5, ""name"": ""นายอนุชา เจริญรักษ์"", ""party"": ""ก้าวอิสระ"", ""votes"": null}, {""number"": 7, ""name"": ""นางสาวเกวลิน ชัยวัฒนกุลวานิช"", ""party"": ""กล้าธรรม"", ""votes"": 49}, {""number"": 7, ""name"": ""นายดิเรก ผาสุขมูล"", ""party"": ""ไทยก้าวใหม่"", ""votes"": null}, {""number"": 8, ""name"": ""นายวรวุฒิ จอดนอก"", ""party"": ""ภูมิใจไทย"", ""votes"": 500}, {""number"": 10, ""name"": ""นายวันชัย ลือมงคล"", ""party"": ""เศรษฐกิจ"", ""votes"": 4}]"
เขตเลือกตั้งที่ 1\อำเภอเมืองชัยภูมิ\นาเสียว-001-แบ่งเขต.PDF,2,24,ชัยภูมิ,1,เมืองชัยภูมิ,นาเสียว,001,แบ่งเขต,สส.5/18,,,,,,,,,,,,,,,0,[]
เขตเลือกตั้งที่ 1\อำเภอเมืองชัยภูมิ\นาเสียว-001-แบ่งเขต.PDF,3,24,ชัยภูมิ,1,เมืองชัยภูมิ,นาเสียว,001,แบ่งเขต,สส.5/18,แบ่งเขต,,,,าล,ขต,30,40,221,,223,23,,382,10,"[{""number"": 1, ""name"": ""นางสาวนัฏฐิกา โล่ห์วีระ"", ""party"": ""สังกัด"", ""votes"": null}, {""number"": 2, ""name"": ""นายวรพล พรมเมืองเก่า"", ""party"": null, ""votes"": null}, {""number"": 3, ""name"": ""นายโอษฐ์ เกียรติก้องชูชัย"", ""party"": null, ""votes"": null}, {""number"": 4, ""name"": ""นางสาวเกวลิน ชัยวัฒนกุลวานิช"", ""party"": ""ประชาธิปัตย์"", ""votes"": 9495}, {""number"": 5, ""name"": ""นายอนุชา เจริญรักษ์"", ""party"": ""ก้าวอิสระ"", ""votes"": null}, {""number"": 6, ""name"": ""นายอาวุธ ปะเมโท"", ""party"": ""รวมไทยสร้างชาติ"", ""votes"": null}, {""number"": 7, ""name"": ""นายดิเรก ผาสุขมูล"", ""party"": ""ไทยก้าวใหม่"", ""votes"": null}, {""number"": 8, ""name"": ""นายวรวุฒิ จอดนอก"", ""party"": ""ภูมิใจไทย"", ""votes"": null}, {""number"": 10, ""name"": ""นายวันชัย ลือมงคล"", ""party"": null, ""votes"": null}, {""number"": 22, ""name"": ""นายเกษมศักดิ์ อัครเพศ"", ""party"": ""ทางเลือกใหม่"", ""votes"": null}]"
เขตเลือกตั้งที่ 3\อำเภอเทพสถิต\ห้วยยายจิ๋ว-002-แบ่งเขต.PDF,1,26,ชัยภูมิ,3,เทพสถิต,ห้วยยายจิ๋ว,002,แบ่งเขต,สส.5/18,แบ่งเขต,,15,12,าล,เทพสถิต,253,,220,116,223,23,119,116,4,"[{""number"": 1, ""name"": ""นายสนั่น พัชรเดชโสภณ"", ""party"": ""เพื่อไทย"", ""votes"": null}, {""number"": 2, ""name"": ""นายกฤษณ์ คูณรัตนศิริ"", ""party"": ""รวมไทยสร้างชาติ"", ""votes"": null}, {""number"": 3, ""name"": ""นายวีระ ถนอมธรรม"", ""party"": null, ""votes"": null}, {""number"": 4, ""name"": ""นางสาวพิศมัย สร้อยสุวรรณ"", ""party"": ""ประชาธิปัตย์"", ""votes"": null}]"
เขตเลือกตั้งที่ 3\อำเภอเทพสถิต\ห้วยยายจิ๋ว-002-แบ่งเขต.PDF,2,26,ชัยภูมิ,3,เทพสถิต,ห้วยยายจิ๋ว,002,แบ่งเขต,สส.5/18,,,,,,,,,,,,,,,0,[]
เขตเลือกตั้งที่ 3\อำเภอเทพสถิต\ห้วยยายจิ๋ว-002-แบ่งเขต.PDF,3,26,ชัยภูมิ,3,เทพสถิต,ห้วยยายจิ๋ว,002,แบ่งเขต,สส.5/18,แบ่งเขต,3,16,13,าล,เกา,348,26,221,222,223,23,360,,5,"[{""number"": 1, ""name"": ""นายสัมฤทธิ์ แทนทรัพย์"", ""party"": ""สังกัด"", ""votes"": null}, {""number"": 2, ""name"": ""นายวีระ ถนอมธรรม"", ""party"": ""ภูมิใจไทย"", ""votes"": 160}, {""number"": 3, ""name"": ""นายกฤษณ์ คูณรัตนศิริ"", ""party"": ""ประชาชน"", ""votes"": null}, {""number"": 4, ""name"": ""นางสาวพิศมัย"", ""party"": ""สร้อยสุวรรณ"", ""votes"": null}, {""number"": 5, ""name"": ""นายสนั่น พัชรเตชโสภณ"", ""party"": ""เพื่อไทย"", ""votes"": 3}]"
เขตเลือกตั้งที่ 7\อำเภอเมืองชัยภูมิ (เฉพาะ ต.ซับสีทอง และ ต.ท่าหินโงม)\ต.ท่าหินโงม-แบ่งเขต-หน่วยที่ 1-12.pdf,1,24,ชัยภูมิ,7,เมืองชัยภูมิ (เฉพาะ ต.ซับสีทอง และ ต.ท่าหินโงม),ท่าหินโงม,1-12,แบ่งเขต,สส.5/18,แบ่งเขต,7,1,1,าล,,4,425,221,222,424,11,255,400,11,"[{""number"": 1, ""name"": ""นายกิตติธัช คำวงษ์"", ""party"": ""ประชาชน"", ""votes"": null}, {""number"": 2, ""name"": ""นายกิติพร เศรษฐภูมิภักดี"", ""party"": ""รวมไทยสร้างชาติ .2 ("", ""votes"": null}, {""number"": 3, ""name"": ""นายชานนท์ ต่อสกุล"", ""party"": ""ภูมิใจไทย 5"", ""votes"": null}, {""number"": 4, ""name"": ""นายอัครแสนคีรี โล่ห์วีระ"", ""party"": ""กล้าธรรม"", ""votes"": 19}, {""number"": 5, ""name"": ""นางสาวปัญชลีย์ วัฒนชัยศาสตร์"", ""party"": ""พลังประชารัฐ"", ""votes"": null}, {""number"": 6, ""name"": ""นายจอมจักรภพ วัชระจินดาวัฒนะ"", ""party"": ""เพื่อไทย"", ""votes"": 2}, {""number"": 7, ""name"": ""นายพลากร ภูมินอก"", ""party"": ""ประชาธิปัตย์ 2"", ""votes"": null}, {""number"": 8, ""name"": ""นายธีรวุฒิ พงษ์จันทร์"", ""party"": ""ไทยก้าวใหม่ 3"", ""votes"": null}, {""number"": 9, ""name"": ""นายอดิเรก ดวงจันนี"", ""party"": ""ประชาธิปไตยใหม่ 0"", ""votes"": null}, {""number"": 10, ""name"": ""นางสุชามนต์ เครือเครา"", ""party"": ""ไทยทรัพย์ทวี"", ""votes"": 2}, {""number"": 11, ""name"": ""นางอรุณณี งามจิตสุวรรณ"", ""party"": ""เศรษฐกิจ"", ""votes"": null}]"
เขตเลือกตั้งที่ 7\อำเภอเมืองชัยภูมิ (เฉพาะ ต.ซับสีทอง และ ต.ท่าหินโงม)\ต.ท่าหินโงม-แบ่งเขต-หน่วยที่ 1-12.pdf,2,24,ชัยภูมิ,7,เมืองชัยภูมิ (เฉพาะ ต.ซับสีทอง และ ต.ท่าหินโงม),ท่าหินโงม,1-12,แบ่งเขต,สส.5/18,,,,,,,,,,,,,,,0,[]
เขตเลือกตั้งที่ 7\อำเภอเมืองชัยภูมิ (เฉพาะ ต.ซับสีทอง และ ต.ท่าหินโงม)\ต.ท่าหินโงม-แบ่งเขต-หน่วยที่ 1-12.pdf,3,24,ชัยภูมิ,7,เมืองชัยภูมิ (เฉพาะ ต.ซับสีทอง และ ต.ท่าหินโงม),ท่าหินโงม,1-12,แบ่งเขต,สส.5/18,แบ่งเขต,7,,,ท่าน,ขต,879,,221,222,223,23,120,476,11,"[{""number"": 1, ""name"": ""นายกิตติธัช คำวงษ์"", ""party"": ""ประชาชน"", ""votes"": null}, {""number"": 2, ""name"": ""นายกิติพร เศรษฐภูมิภักดี"", ""party"": ""รวมไทยสร้างชาติ"", ""votes"": null}, {""number"": 3, ""name"": ""นายชานนท์ ต่อสกุล"", ""party"": ""ภูมิใจไทย"", ""votes"": null}, {""number"": 4, ""name"": ""นายอัครแสนคีรี โล่ห์วีระ"", ""party"": ""กล้าธรรม"", ""votes"": 256}, {""number"": 4, ""name"": ""นายจอมจักรภพ วัชระจินดาวัฒนะ"", ""party"": ""เพื่อไทย"", ""votes"": 141}, {""number"": 5, ""name"": ""นางสาวปัญชลีย์ วัฒนชัยศาสตร์"", ""party"": ""พลังประชารัฐ"", ""votes"": null}, {""number"": 6, ""name"": ""นายอดิเรก ดวงจันนี"", ""party"": ""ไทยก้าวใหม่"", ""votes"": 4}, {""number"": 7, ""name"": ""นายพลากร ภูมินอก"", ""party"": ""ประชาธิปัตย์"", ""votes"": null}, {""number"": 9, ""name"": ""นายธีรวุฒิ พงษ์จันทร์"", ""party"": null, ""votes"": null}, {""number"": 10, ""name"": ""นางสุชามนต์ เครือเครา"", ""party"": ""ไทยทรัพย์ทวี"", ""votes"": null}, {""number"": 11, ""name"": ""นางอรุณณี งามจิตสุวรรณ"", ""party"": null, ""votes"": null}]"
เขตเลือกตั้งที่ 4\อำเภอภักดีชุมพล\แบ่งเขต\ต.เจาทอง-แบ่งเขต-หน่วยที่ 1-14.pdf,1,28,ชัยภูมิ,4,ภักดีชุมพล,เจาทอง,1-14,แบ่งเขต,สส.5/18,แบ่งเขต,4,,,าล,กรมพ,31,201,221,222,223,23,340,193846,7,"[{""number"": 1, ""name"": ""นายวรฉัตร พงศ์ธีระดุลย์"", ""party"": ""สังกัด"", ""votes"": null}, {""number"": 2, ""name"": ""นายสิทธิพล ภูธรณ์"", ""party"": ""ประชาชน"", ""votes"": null}, {""number"": 4, ""name"": ""นายณรงค์ฤทธิ์ มอบสันเทียะ"", ""party"": ""รวมไทยสร้างชาติ"", ""votes"": null}, {""number"": 5, ""name"": ""นางสาวสุชาดา ซาง แทนทรัพย์"", ""party"": ""ภูมิใจไทย"", ""votes"": 125}, {""number"": 7, ""name"": ""นางสาวนงค์คราญ ฤชาญ"", ""party"": ""ประชาธิปไตยใหม่"", ""votes"": null}, {""number"": 8, ""name"": ""นายชาติชาย อาจสนาม"", ""party"": ""เศรษฐกิจ"", ""votes"": null}, {""number"": 9, ""name"": ""นางสาวน้ำฝน หอมชาลี"", ""party"": ""ประชาธิปัตย์"", ""votes"": null}]"
เขตเลือกตั้งที่ 4\อำเภอภักดีชุมพล\แบ่งเขต\ต.เจาทอง-แบ่งเขต-หน่วยที่ 1-14.pdf,2,28,ชัยภูมิ,4,ภักดีชุมพล,เจาทอง,1-14,แบ่งเขต,สส.5/18,,,,,,,,,,,,,,,0,[]
เขตเลือกตั้งที่ 4\อำเภอภักดีชุมพล\แบ่งเขต\ต.เจาทอง-แบ่งเขต-หน่วยที่ 1-14.pdf,3,28,ชัยภูมิ,4,ภักดีชุมพล,เจาทอง,1-14,แบ่งเขต,สส.5/18,แบ่งเขต,4,2,2,าล,ขต,2,46,221,222,223,23,300,300,8,"[{""number"": 1, ""name"": ""นายวรฉัตร พงศ์ธีระดุลย์"", ""party"": ""เพื่อไทย"", ""votes"": 3}, {""number"": 2, ""name"": ""นายสิทธิพล ภูธรณ์"", ""party"": ""ประชาชน"", ""votes"": null}, {""number"": 3, ""name"": ""นางสาวน้ำฝน หอมชาลี"", ""party"": ""ประชาธิปัตย์"", ""votes"": null}, {""number"": 4, ""name"": ""นายณรงค์ฤทธิ์ มอบสันเทียะ"", ""party"": ""รวมไทยสร้างชาติ"", ""votes"": null}, {""number"": 5, ""name"": ""นางสาวสุชาดา ซาง แทนทรัพย์"", ""party"": ""ภูมิใจไทย"", ""votes"": null}, {""number"": 6, ""name"": ""นางสาวกาญจนา จังหวะ"", ""party"": ""กล้าธรรม 17 22159"", ""votes"": 9}, {""number"": 7, ""name"": ""นางสาวนงค์คราญ ชาญ"", ""party"": ""ประชาธิปไตยใหม่"", ""votes"": null}, {""number"": 8, ""name"": ""นายชาติชาย อาจสนาม"", ""party"": ""เศรษฐกิจ"", ""votes"": null}]"
เขตเลือกตั้งที่ 3\อำเภอเทพสถิต\ห้วยยายจิ๋ว-001-แบ่งเขต.PDF,2,28,ชัยภูมิ,3,เทพสถิต,ห้วยยายจิ๋ว,001,แบ่งเขต,สส.5/18,,,,,,,,,,,,,,,0,[]
เขตเลือกตั้งที่ 3\อำเภอเทพสถิต\ห้วยยายจิ๋ว-001-แบ่งเขต.PDF,3,28,ชัยภูมิ,3,เทพสถิต,ห้วยยายจิ๋ว,001,แบ่งเขต,สส.5/18,แบ่งเขต,3,2,1,ห้วยยายาว,เทพรา,41,,221,22,223,23,16,222,5,"[{""number"": 1, ""name"": ""นายสัมฤทธิ์ แทนทรัพย์"", ""party"": ""สังกัด"", ""votes"": null}, {""number"": 2, ""name"": ""นายวีระ ถนอมธรรม"", ""party"": ""ได้คะแนน"", ""votes"": 197}, {""number"": 3, ""name"": ""นายกฤษณ์ คูณรัตนศิริ"", ""party"": ""ประชาชน"", ""votes"": 16}, {""number"": 4, ""name"": ""นายสนั่น พัชรเตชโสภณ"", ""party"": ""ประชาธิปัตย์"", ""votes"": null}, {""number"": 5, ""name"": ""นางสาวพิศมัย สร้อยสุวรรณ"", ""party"": null, ""votes"": null}]"
เขตเลือกตั้งที่ 4\อำเภอภักดีชุมพล\แบ่งเขต\ต.วังทอง-แบ่งเขต-หน่วยที่ 1-13.pdf,1,26,ชัยภูมิ,4,ภักดีชุมพล,วังทอง,1-13,แบ่งเขต,สส.5/18,แบ่งเขต,4,,,วังทอง,กวมพล,96,1,221,222,223,23,200,48,8,"[{""number"": 1, ""name"": ""นายวรฉัตร พงศ์ธีระดุลย์"", ""party"": ""เพื่อไทย"", ""votes"": null}, {""number"": 2, ""name"": ""นายสิทธิพล ภูธรณ์"", ""party"": ""ประชาชน"", ""votes"": null}, {""number"": 3, ""name"": ""นางสาวน้ำฝน หอมชาลี"", ""party"": null, ""votes"": null}, {""number"": 4, ""name"": ""นายณรงค์ฤทธิ์ มอบสันเทียะ"", ""party"": null, ""votes"": null}, {""number"": 5, ""name"": ""นางสาวสุชาดา ซาง แทนทรัพย์"", ""party"": ""ภูมิใจไทย"", ""votes"": null}, {""number"": 5, ""name"": ""นางสาวกาญจนา จังหวะ"", ""party"": null, ""votes"": null}, {""number"": 6, ""name"": ""นายชาติชาย อาจสนาม"", ""party"": ""เศรษฐกิจ"", ""votes"": null}, {""number"": 7, ""name"": ""นางสาวนงค์คราญ ฤชาญ"", ""party"": null, ""votes"": null}]"
เขตเลือกตั้งที่ 4\อำเภอภักดีชุมพล\แบ่งเขต\ต.วังทอง-แบ่งเขต-หน่วยที่ 1-13.pdf,2,26,ชัยภูมิ,4,ภักดีชุมพล,วังทอง,1-13,แบ่งเขต,สส.5/18,,,,,,,,,,,,,,,0,[]
เขตเลือกตั้งที่ 4\อำเภอภักดีชุมพล\แบ่งเขต\ต.วังทอง-แบ่งเขต-หน่วยที่ 1-13.pdf,3,26,ชัยภูมิ,4,ภักดีชุมพล,วังทอง,1-13,แบ่งเขต,สส.5/18,แบ่งเขต,4,2,2,าล,ขต,554,35,221,,223,23,560,25,8,"[{""number"": 1, ""name"": ""นายวรฉัตร พงศ์ธีระดุลย์"", ""party"": ""สังกัด"", ""votes"": null}, {""number"": 1, ""name"": ""นายณรงค์ฤทธิ์ มอบสันเทียะ"", ""party"": ""รวมไทยสร้างชาติ"", ""votes"": null}, {""number"": 2, ""name"": ""นายสิทธิพล"", ""party"": ""ภูธรณ์"", ""votes"": null}, {""number"": 3, ""name"": ""นางสาวสุชาดา ซาง แทนทรัพย์"", ""party"": ""ภูมิใจไทย"", ""votes"": 132}, {""number"": 4, ""name"": ""นางสาวกาญจนา จังหวะ"", ""party"": ""กล้าธรรม"", ""votes"": null}, {""number"": 5, ""name"": ""นางสาวนงค์คราญ ฤชาญ"", ""party"": ""ประชาธิปไตยใหม่"", ""votes"": null}, {""number"": 6, ""name"": ""นายชาติชาย อาจสนาม"", ""party"": ""เศรษฐกิจ"", ""votes"": null}, {""number"": 25, ""name"": ""นางสาวน้ำฝน หอมชาลี"", ""party"": ""ประชาธิปัตย์"", ""votes"": 1}]"
เขตเลือกตั้งที่ 3\อำเภอบเหน็จณรงค์\บ้านชวน-001-แบ่งเขต.PDF,1,30,ชัยภูมิ,3,บเหน็จณรงค์,บ้านชวน,001,แบ่งเขต,สส.5/18,แบ่งเขต,3,1,,าล,มีน,22,22,0,190,223,8,148,,5,"[{""number"": 1, ""name"": ""นายสัมฤทธิ์ แทนทรัพย์"", ""party"": ""ภูมิใจไทย 180"", ""votes"": null}, {""number"": 2, ""name"": ""นายวีระ ถนอมธรรม"", ""party"": ""รวมไทยสร้างชาติ"", ""votes"": null}, {""number"": 3, ""name"": ""นายกฤษณ์ คูณรัตนศิริ"", ""party"": ""ประชาชน"", ""votes"": null}, {""number"": 4, ""name"": ""นายสนั่น พัชรเดชโสภณ"", ""party"": ""ประชาธิปัตย์"", ""votes"": null}, {""number"": 5, ""name"": ""นางสาวพิศมัย สร้อยสุวรรณ"", ""party"": null, ""votes"": null}]"
เขตเลือกตั้งที่ 3\อำเภอบเหน็จณรงค์\บ้านชวน-001-แบ่งเขต.PDF,2,30,ชัยภูมิ,3,บเหน็จณรงค์,บ้านชวน,001,แบ่งเขต,สส.5/18,,,,,,,,,,,,,,,0,[]
เขตเลือกตั้งที่ 3\อำเภอบเหน็จณรงค์\บ้านชวน-001-แบ่งเขต.PDF,3,30,ชัยภูมิ,3,บเหน็จณรงค์,บ้านชวน,001,แบ่งเขต,สส.5/18,แบ่งเขต,,,,บัดนี้,มารว,,,221,222,223,23,360,29,5,"[{""number"": 1, ""name"": ""นายสัมฤทธิ์ แทนทรัพย์"", ""party"": ""สังกัด"", ""votes"": null}, {""number"": 2, ""name"": ""นายวีระ ถนอมธรรม"", ""party"": ""รวมไทยสร้างชาติ"", ""votes"": null}, {""number"": 3, ""name"": ""นายกฤษณ์ คูณรัตนศิริ"", ""party"": ""ประชาชน"", ""votes"": null}, {""number"": 8, ""name"": ""นายสนั่น พัชรเดชโสภณ"", ""party"": ""พันโท สุเทพ บุญทะเล"", ""votes"": null}, {""number"": 24, ""name"": ""นางสาวพิศมัย สร้อยสุวรรณ"", ""party"": ""ประชาธิปัตย์"", ""votes"": null}]"
เขตเลือกตั้งที่ 2\อำเภอเนินสง่า\หนองฉิม-001-แบ่งเขต.PDF,1,30,ชัยภูมิ,2,เนินสง่า,หนองฉิม,001,แบ่งเขต,สส.5/18,แบ่งเขต,2,,,าล,,11,11,221,222,223,23,480,211,7,"[{""number"": 1, ""name"": ""นายประเสริฐศักดิ์ ขำหินตั้ง"", ""party"": ""สังกัด"", ""votes"": null}, {""number"": 2, ""name"": ""นางสาววาสนา อยู่ภักดี"", ""party"": ""ประชาชน"", ""votes"": 29}, {""number"": 3, ""name"": ""นายเชิงชาย ชาลีรินทร์"", ""party"": ""เพื่อไทย"", ""votes"": 202}, {""number"": 4, ""name"": ""นายณรงค์ แขนอก"", ""party"": ""ประชาธิปัตย์"", ""votes"": null}, {""number"": 5, ""name"": ""นายทัศนัย สุขประสาร"", ""party"": ""ภูมิใจไทย"", ""votes"": null}, {""number"": 6, ""name"": ""นายถวัลย์ หงษ์ไทย"", ""party"": ""เศรษฐกิจ"", ""votes"": null}, {""number"": 24, ""name"": ""นายโสโชค สู้โนนตาด"", ""party"": ""รวมไทยสร้างชาติ"", ""votes"": null}]"
เขตเลือกตั้งที่ 2\อำเภอเนินสง่า\หนองฉิม-001-แบ่งเขต.PDF,2,30,ชัยภูมิ,2,เนินสง่า,หนองฉิม,001,แบ่งเขต,สส.5/18,,,,,,,,,,,,,,,0,[]
เขตเลือกตั้งที่ 2\อำเภอเนินสง่า\หนองฉิม-001-แบ่งเขต.PDF,3,30,ชัยภูมิ,2,เนินสง่า,หนองฉิม,001,แบ่งเขต,สส.5/18,แบ่งเขต,2,2,,หนอง,เนินส,422,24,221,222,223,23,420,284,7,"[{""number"": 1, ""name"": ""นายถวัลย์ หงษ์ไทย"", ""party"": null, ""votes"": null}, {""number"": 2, ""name"": ""นางสาววาสนา อยู่ภักดี"", ""party"": ""ประชาชน"", ""votes"": 21}, {""number"": 3, ""name"": ""นายประเสริฐศักดิ์ ขำหินตั้ง"", ""party"": ""ไทยก้าวใหม่"", ""votes"": null}, {""number"": 4, ""name"": ""นายณรงค์ แขนอก"", ""party"": null, ""votes"": null}, {""number"": 5, ""name"": ""นายเชิงชาย ชาลีรินทร์"", ""party"": null, ""votes"": null}, {""number"": 6, ""name"": ""นายทัศนัย สุขประสาร"", ""party"": null, ""votes"": null}, {""number"": null, ""name"": ""นายโสโชค สู้โนนตาด"", ""party"": ""ประชาธิปัตย์"", ""votes"": 2003}]"
เขตเลือกตั้งที่ 4\อำเภอเมืองชัยภูมิ (เฉพาะ ต.ห้วยต้อน)\แบ่งเขต\ต.ห้วยต้อน-แบ่งเขต-หน่วยที่ 1-13.pdf,1,26,ชัยภูมิ,4,เมืองชัยภูมิ (เฉพาะ ต.ห้วยต้อน),ห้วยต้อน,1-13,แบ่งเขต,สส.5/18,แบ่งเขต,4,,,าล,ขต,55,2,580,222,223,23,4,281,8,"[{""number"": 1, ""name"": ""นายวรฉัตร พงศ์ธีระดุลย์"", ""party"": ""สังกัด"", ""votes"": null}, {""number"": 2, ""name"": ""นายสิทธิพล ภูธรณ์"", ""party"": ""ประชาชน"", ""votes"": 34}, {""number"": 3, ""name"": ""นางสาวน้ำฝน หอมชาลี"", ""party"": null, ""votes"": null}, {""number"": 4, ""name"": ""นายณรงค์ฤทธิ์ มอบสันเทียะ"", ""party"": ""ประชาธิปัตย์"", ""votes"": 5}, {""number"": 5, ""name"": ""นางสาวสุชาดา ซาง แทนทรัพย์"", ""party"": ""ภูมิใจไทย"", ""votes"": 147}, {""number"": 6, ""name"": ""นางสาวกาญจนา จังหวะ"", ""party"": ""กล้าธรรม"", ""votes"": null}, {""number"": 7, ""name"": ""นางสาวนงค์คราญ ฤๅชาญ"", ""party"": ""ประชาธิปไตยใหม่"", ""votes"": null}, {""number"": 8, ""name"": ""นายชาติชาย อาจสนาม"", ""party"": ""เศรษฐกิจ"", ""votes"": null}]"
เขตเลือกตั้งที่ 4\อำเภอเมืองชัยภูมิ (เฉพาะ ต.ห้วยต้อน)\แบ่งเขต\ต.ห้วยต้อน-แบ่งเขต-หน่วยที่ 1-13.pdf,2,26,ชัยภูมิ,4,เมืองชัยภูมิ (เฉพาะ ต.ห้วยต้อน),ห้วยต้อน,1-13,แบ่งเขต,สส.5/18,,,,,,,,,,,,,,,0,[]
เขตเลือกตั้งที่ 4\อำเภอเมืองชัยภูมิ (เฉพาะ ต.ห้วยต้อน)\แบ่งเขต\ต.ห้วยต้อน-แบ่งเขต-หน่วยที่ 1-13.pdf,3,26,ชัยภูมิ,4,เมืองชัยภูมิ (เฉพาะ ต.ห้วยต้อน),ห้วยต้อน,1-13,แบ่งเขต,สส.5/18,แบ่งเขต,4,,,าล,เล,62,34,221,222,223,23,2,322,8,"[{""number"": 1, ""name"": ""นายวรฉัตร พงศ์ธีระดุลย์"", ""party"": ""เพื่อไทย"", ""votes"": 3}, {""number"": 1, ""name"": ""นายชาติชาย อาจสนาม"", ""party"": ""เศรษฐกิจ"", ""votes"": null}, {""number"": 2, ""name"": ""นายสิทธิพล ภูธรณ์"", ""party"": ""ประชาชน"", ""votes"": null}, {""number"": 3, ""name"": ""นางสาวน้ำฝน หอมชาลี"", ""party"": ""ประชาธิปัตย์"", ""votes"": 2020}, {""number"": 4, ""name"": ""นายณรงค์ฤทธิ์ มอบสันเทียะ | รวมไทยสร้างชาติ"", ""party"": null, ""votes"": null}, {""number"": 5, ""name"": ""นางสาวสุชาดา ซาง แทนทรัพย์ ภูมิใจไทย"", ""party"": null, ""votes"": 169}, {""number"": 6, ""name"": ""นางสาวกาญจนา จังหวะ"", ""party"": ""กล้าธรรม"", ""votes"": null}, {""number"": null, ""name"": ""นางสาวนงค์คราญ ฤๅชาญ"", ""party"": ""ประชาธิปไตยใหม่"", ""votes"": null}]"
เขตเลือกตั้งที่ 5\อำเภอเกษตรสมบูรณ์\แบ่งเขต\ทต.เกษตร-แบ่งเขต-หน่วยที่ 1-5.pdf,2,10,ชัยภูมิ,5,เกษตรสมบูรณ์,เกษตร,1-5,แบ่งเขต,สส.5/18,,,,,,,,,,,,,,,0,[]
เขตเลือกตั้งที่ 2\อำเภอเนินสง่า\ตาเนิน-001-แบ่งเขต.PDF,1,32,ชัยภูมิ,2,เนินสง่า,ตาเนิน,001,แบ่งเขต,สส.5/18,แบ่งเขต,2,,,าล,เนินสว่า,44,,221,222,223,23,,237,7,"[{""number"": 1, ""name"": ""นายประเสริฐศักดิ์ ขำหินตั้ง"", ""party"": ""สังกัด"", ""votes"": null}, {""number"": 2, ""name"": ""นายเชิงชาย ชาลีรินทร์"", ""party"": null, ""votes"": null}, {""number"": 3, ""name"": ""นายณรงค์ แขนอก"", ""party"": ""ประชาชน"", ""votes"": null}, {""number"": 4, ""name"": ""นายทัศนัย สุขประสาร"", ""party"": null, ""votes"": null}, {""number"": 5, ""name"": ""นายโสโชค สู้โนนตาด"", ""party"": ""ภูมิใจไทย"", ""votes"": null}, {""number"": 19, ""name"": ""นายถวัลย์ หงษ์ไทย"", ""party"": null, ""votes"": null}, {""number"": 25, ""name"": ""นางสาววาสนา อยู่ภักดี"", ""party"": null, ""votes"": null}]"
เขตเลือกตั้งที่ 2\อำเภอเนินสง่า\ตาเนิน-001-แบ่งเขต.PDF,2,32,ชัยภูมิ,2,เนินสง่า,ตาเนิน,001,แบ่งเขต,สส.5/18,,,,,,,,,,,,,,,0,[]
เขตเลือกตั้งที่ 2\อำเภอเนินสง่า\ตาเนิน-001-แบ่งเขต.PDF,3,32,ชัยภูมิ,2,เนินสง่า,ตาเนิน,001,แบ่งเขต,สส.5/18,แบ่งเขต,2,,,ทาเห็น,เห็นๆ,24,24,221,222,223,23,448,3,7,"[{""number"": 1, ""name"": ""นายประเสริฐศักดิ์ ขำหินตั้ง"", ""party"": ""สังกัด"", ""votes"": null}, {""number"": 2, ""name"": ""นางสาววาสนา อยู่ภักดี"", ""party"": null, ""votes"": null}, {""number"": 3, ""name"": ""นายณรงค์ แฃนอก"", ""party"": ""ประชาชน"", ""votes"": 183}, {""number"": 3, ""name"": ""นายถวัลย์ หงษ์ไทย"", ""party"": null, ""votes"": null}, {""number"": 4, ""name"": ""นายเชิงชาย ชาลีรินทร์"", ""party"": null, ""votes"": null}, {""number"": 5, ""name"": ""นายทัศนัย สุขประสาร"", ""party"": ""ภูมิใจไทย"", ""votes"": null}, {""number"": 6, ""name"": ""นายโสโชค สู้โนนตาด"", ""party"": ""รวมไทยสร้างชาติ"", ""votes"": null}]"
เขตเลือกตั้งที่ 7\อำเภอแก้งคร้อ\ต.ช่องสามหมอ-แบ่งเขต-หน่วยที่ 1-9.pdf,1,18,ชัยภูมิ,7,แก้งคร้อ,ช่องสามหมอ,1-9,แบ่งเขต,สส.5/18,แบ่งเขต,7,,,าล,แก้,11,372,221,222,223,23,620,361,11,"[{""number"": 1, ""name"": ""นายกิตติธัช คำวงษ์"", ""party"": ""ประชาชน"", ""votes"": null}, {""number"": 1, ""name"": ""นายอดิเรก ดวงจันนี"", ""party"": ""ประชาธิปไตยใหม่"", ""votes"": null}, {""number"": 2, ""name"": ""นายกิติพร เศรษฐภูมิภักดี"", ""party"": ""รวมไทยสร้างชาติ"", ""votes"": null}, {""number"": 4, ""name"": ""นายอัครแสนคีรี โล่ห์วีระ"", ""party"": ""กล้าธรรม"", ""votes"": 192}, {""number"": 4, ""name"": ""นายจอมจักรภพ วัชระจินดาวัฒนะ"", ""party"": ""เพื่อไทย"", ""votes"": null}, {""number"": 5, ""name"": ""นางสาวปัญชลีย์ วัฒนชัยศาสตร์"", ""party"": ""พลังประชารัฐ"", ""votes"": null}, {""number"": 7, ""name"": ""นายพลากร ภูมินอก"", ""party"": ""ประชาธิปัตย์"", ""votes"": null}, {""number"": 8, ""name"": ""นายธีรวุฒิ พงษ์จันทร์"", ""party"": ""ไทยก้าวใหม่"", ""votes"": 4190}, {""number"": 9, ""name"": ""นายชานนท์ ต่อสกุล"", ""party"": ""ภูมิใจไทย"", ""votes"": 500}, {""number"": 10, ""name"": ""นางสุชามนต์ เครือเครา"", ""party"": ""ไทยทรัพย์ทวี"", ""votes"": null}, {""number"": 11, ""name"": ""นางอรุณณี งามจิตสุวรรณ"", ""party"": null, ""votes"": null}]"
เขตเลือกตั้งที่ 7\อำเภอแก้งคร้อ\ต.ช่องสามหมอ-แบ่งเขต-หน่วยที่ 1-9.pdf,2,18,ชัยภูมิ,7,แก้งคร้อ,ช่องสามหมอ,1-9,แบ่งเขต,สส.5/18,,,,,,,,,,,,,,,0,[]
เขตเลือกตั้งที่ 7\อำเภอแก้งคร้อ\ต.ช่องสามหมอ-แบ่งเขต-หน่วยที่ 1-9.pdf,3,18,ชัยภูมิ,7,แก้งคร้อ,ช่องสามหมอ,1-9,แบ่งเขต,สส.5/18,แบ่งเขต,7,,,สองสาม,ขต,200,200,221,222,223,23,400,283,11,"[{""number"": 1, ""name"": ""นายกิตติธัช คำวงษ์"", ""party"": null, ""votes"": null}, {""number"": 1, ""name"": ""นายอดิเรก ดวงจันนี"", ""party"": ""ประชาธิปไตยใหม่"", ""votes"": 4}, {""number"": 2, ""name"": ""นายอัครแสนคีรี โล่ห์วีระ"", ""party"": ""ภูมิใจไทย"", ""votes"": null}, {""number"": 3, ""name"": ""นายชานนท์ ต่อสกุล"", ""party"": null, ""votes"": null}, {""number"": 4, ""name"": ""นายจอมจักรภพ วัชระจินดาวัฒนะ"", ""party"": ""พลังประชารัฐ"", ""votes"": 9}, {""number"": 5, ""name"": ""นางสาวปัญชลีย์ วัฒนชัยศาสตร์"", ""party"": null, ""votes"": null}, {""number"": 6, ""name"": ""นายธีรวุฒิ พงษ์จันทร์"", ""party"": ""ไทยก้าวใหม่"", ""votes"": 130}, {""number"": 7, ""name"": ""นายพลากร ภูมินอก"", ""party"": ""ประชาธิปัตย์"", ""votes"": null}, {""number"": 10, ""name"": ""นายกิติพร เศรษฐภูมิภักดี"", ""party"": ""รวมไทยสร้างชาติ"", ""votes"": 1}, {""number"": 10, ""name"": ""นางสุชามนต์ เครือเครา"", ""party"": ""ไทยทรัพย์ทวี"", ""votes"": null}, {""number"": 11, ""name"": ""นางอรุณณี งามจิตสุวรรณ"", ""party"": null, ""votes"": null}]"
เขตเลือกตั้งที่ 7\อำเภอแก้งคร้อ\ต.เก่าย่าดี-แบ่งเขต-หน่วยที่ 1-9.pdf,1,18,ชัยภูมิ,7,แก้งคร้อ,เก่าย่าดี,1-9,แบ่งเขต,สส.5/18,แบ่งเขต,7,1,1,เก่ายาว,แก้วโอ,400,269,221,222,223,23,426,112016,11,"[{""number"": 1, ""name"": ""นายกิตติธัช คำวงษ์"", ""party"": ""ประชาชน"", ""votes"": 44}, {""number"": 2, ""name"": ""นายกิติพร เศรษฐภูมิภักดี"", ""party"": null, ""votes"": null}, {""number"": 3, ""name"": ""นายชานนท์ ต่อสกุล"", ""party"": ""ภูมิใจไทย"", ""votes"": 9}, {""number"": 4, ""name"": ""นายอัครแสนคีรี โล่ห์วีระ"", ""party"": ""กล้าธรรม"", ""votes"": 164}, {""number"": 5, ""name"": ""นางสาวปัญชลีย์ วัฒนชัยศาสตร์"", ""party"": ""พลังประชารัฐ"", ""votes"": 4}, {""number"": 6, ""name"": ""นายจอมจักรภพ วัชระจินดาวัฒนะ"", ""party"": ""เพื่อไทย"", ""votes"": 336}, {""number"": 7, ""name"": ""นายพลากร ภูมินอก"", ""party"": ""ประชาธิปัตย์"", ""votes"": 1}, {""number"": 8, ""name"": ""นายธีรวุฒิ พงษ์จันทร์"", ""party"": ""ไทยก้าวใหม่"", ""votes"": null}, {""number"": 9, ""name"": ""นายอดิเรก ดวงวันนี"", ""party"": ""ประชาธิปไตยใหม่"", ""votes"": 1}, {""number"": 10, ""name"": ""นางสุชามนต์ เครือเครา"", ""party"": ""ไทยทรัพย์ทวี"", ""votes"": 9}, {""number"": 11, ""name"": ""นางอรุณณี ง่ามจิตสุวรรณ"", ""party"": null, ""votes"": null}]"
เขตเลือกตั้งที่ 7\อำเภอแก้งคร้อ\ต.เก่าย่าดี-แบ่งเขต-หน่วยที่ 1-9.pdf,2,18,ชัยภูมิ,7,แก้งคร้อ,เก่าย่าดี,1-9,แบ่งเขต,สส.5/18,,,,,,,,,,,,,,,0,[]
เขตเลือกตั้งที่ 7\อำเภอแก้งคร้อ\ต.เก่าย่าดี-แบ่งเขต-หน่วยที่ 1-9.pdf,3,18,ชัยภูมิ,7,แก้งคร้อ,เก่าย่าดี,1-9,แบ่งเขต,สส.5/18,แบ่งเขต,7,1,4,ท่าอ่าง,ทศ,299,126,240,125,223,23,,126,11,"[{""number"": 1, ""name"": ""นายกิตติธัช คำวงษ์"", ""party"": ""ประชาชน"", ""votes"": null}, {""number"": 2, ""name"": ""นายกิติพร เศรษฐภูมิภักดี"", ""party"": ""รวมไทยสร้างชาติ 4."", ""votes"": null}, {""number"": 2, ""name"": ""นายจอมจักรภพ วัชระจินดาวัฒนะ"", ""party"": ""เพื่อไทย"", ""votes"": null}, {""number"": 3, ""name"": ""นายชานนท์ ต่อสกุล"", ""party"": ""ภูมิใจไทย"", ""votes"": null}, {""number"": 4, ""name"": ""นายอัครแสนคีรี โล่ห์วีระ"", ""party"": ""กล้าธรรม"", ""votes"": null}, {""number"": 5, ""name"": ""นางสาวปัญชลีย์ วัฒนชัยศาสตร์"", ""party"": ""พลังประชารัฐ"", ""votes"": null}, {""number"": 6, ""name"": ""นายธีรวุฒิ พงษ์จันทร์"", ""party"": ""ไทยก้าวใหม่"", ""votes"": null}, {""number"": 7, ""name"": ""นายพลากร ภูมินอก"", ""party"": ""ประชาธิปัตย์"", ""votes"": null}, {""number"": 8, ""name"": ""นายอดิเรก ดวงจันนี"", ""party"": ""ประชาธิปไตยใหม่"", ""votes"": null}, {""number"": 10, ""name"": ""นางสุชามนต์ เครือเครา"", ""party"": ""ไทยทรัพย์ทวี"", ""votes"": null}, {""number"": 11, ""name"": ""นางอรุณณี"", ""party"": ""งามจิตสุวรรณ"", ""votes"": null}]"
เขตเลือกตั้งที่ 3\อำเภอเทพสถิต\บ้านไร่-001-แบ่งเขต.PDF,1,40,ชัยภูมิ,3,เทพสถิต,บ้านไร่,001,แบ่งเขต,สส.5/18,แบ่งเขต,,,,บ้านไร่,ขต,525,4,520,222,223,23,,277,5,"[{""number"": 1, ""name"": ""นายสัมฤทธิ์ แทนทรัพย์"", ""party"": ""สังกัด"", ""votes"": null}, {""number"": 2, ""name"": ""นายวีระ ถนอมธรรม"", ""party"": ""ภูมิใจไทย"", ""votes"": 20}, {""number"": 3, ""name"": ""นายกฤษณ์ คูณรัตนศิริ"", ""party"": null, ""votes"": null}, {""number"": null, ""name"": ""นางสาวพิศมัย สร้อยสุวรรณ"", ""party"": null, ""votes"": null}, {""number"": null, ""name"": ""นายสนั่น พัชรเตชโสภณ"", ""party"": ""ประชาชน"", ""votes"": null}]"
เขตเลือกตั้งที่ 3\อำเภอเทพสถิต\บ้านไร่-001-แบ่งเขต.PDF,2,40,ชัยภูมิ,3,เทพสถิต,บ้านไร่,001,แบ่งเขต,สส.5/18,,,,,,,,,,,,,,,0,[]
เขตเลือกตั้งที่ 3\อำเภอเทพสถิต\บ้านไร่-001-แบ่งเขต.PDF,3,40,ชัยภูมิ,3,เทพสถิต,บ้านไร่,001,แบ่งเขต,สส.5/18,แบ่งเขต,,,,าล,ขต,4,20,221,222,223,23,60,,5,"[{""number"": 1, ""name"": ""นายสัมฤทธิ์"", ""party"": ""แทนทรัพย์"", ""votes"": null}, {""number"": 2, ""name"": ""นายวีระ ถนอมธรรม"", ""party"": ""รวมไทยสร้างชาติ"", ""votes"": null}, {""number"": 3, ""name"": ""นายกฤษณ์ คูณรัตนศิริ"", ""party"": ""ประชาชน"", ""votes"": null}, {""number"": 4, ""name"": ""นางสาวพิศมัย"", ""party"": ""สร้อยสุวรรณ"", ""votes"": null}, {""number"": 5, ""name"": ""นายสนั่น พัชรเดชโสภณ"", ""party"": ""ประชาธิปัตย์"", ""votes"": null}]"
เขตเลือกตั้งที่ 7\อำเภอคอนสวรรค์\ทต.คอนสวรรค์ โคกมั่งงอย-แบ่งเขต-หน่วยที่ 1-7.pdf,1,14,ชัยภูมิ,7,คอนสวรรค์,คอนสวรรค์ โคกมั่งงอย,1-7,แบ่งเขต,สส.5/18,แบ่งเขต,7,,,าล,คอนสวรรค์,61,400,221,222,60,23,,421,11,"[{""number"": 1, ""name"": ""นายกิตติธัช คำวงษ์"", ""party"": ""ประชาชน"", ""votes"": null}, {""number"": 2, ""name"": ""นายกิติพร เศรษฐภูมิภักดี"", ""party"": ""รวมไทยสร้างชาติ"", ""votes"": null}, {""number"": 3, ""name"": ""นายชานนท์ ต่อสกุล"", ""party"": ""ภูมิใจไทย"", ""votes"": null}, {""number"": 3, ""name"": ""นายพลากร ภูมินอก"", ""party"": null, ""votes"": null}, {""number"": 4, ""name"": ""นายอัครแสนคีรี โล่ห์วีระ"", ""party"": ""กล้าธรรม"", ""votes"": null}, {""number"": 5, ""name"": ""นางสาวปัญชลีย์ วัฒนชัยศาสตร์"", ""party"": ""พลังประชารัฐ 2"", ""votes"": null}, {""number"": 6, ""name"": ""นายจอมจักรภพ วัชระจินดาวัฒนะ"", ""party"": ""เพื่อไทย"", ""votes"": 180}, {""number"": 9, ""name"": ""นายอดิเรก ดวงจันนี"", ""party"": ""ประชาธิปไตยใหม่"", ""votes"": null}, {""number"": 10, ""name"": ""นางสุชามนต์ เครือเครา"", ""party"": ""ไทยทรัพย์ทวี"", ""votes"": null}, {""number"": 11, ""name"": ""นางอรุณณี งามจิตสุวรรณ"", ""party"": null, ""votes"": null}, {""number"": 22, ""name"": ""นายธีรวุฒิ พงษ์จันทร์"", ""party"": ""ประชาธิปัตย์"", ""votes"": null}]"
เขตเลือกตั้งที่ 7\อำเภอคอนสวรรค์\ทต.คอนสวรรค์ โคกมั่งงอย-แบ่งเขต-หน่วยที่ 1-7.pdf,2,14,ชัยภูมิ,7,คอนสวรรค์,คอนสวรรค์ โคกมั่งงอย,1-7,แบ่งเขต,สส.5/18,,,,,,,,,,,,,,,0,[]
เขตเลือกตั้งที่ 7\อำเภอคอนสวรรค์\ทต.คอนสวรรค์ โคกมั่งงอย-แบ่งเขต-หน่วยที่ 1-7.pdf,3,14,ชัยภูมิ,7,คอนสวรรค์,คอนสวรรค์ โคกมั่งงอย,1-7,แบ่งเขต,สส.5/18,แบ่งเขต,7,,,าล,คลอง,44,800,221,222,223,23,40,989666,11,"[{""number"": 1, ""name"": ""นายกิตติธัช คำวงษ์"", ""party"": ""ประชาชน"", ""votes"": null}, {""number"": 2, ""name"": ""นายกิติพร เศรษฐภูมิภักดี"", ""party"": ""รวมไทยสร้างชาติ"", ""votes"": null}, {""number"": 3, ""name"": ""นางสาวปัญชลีย์ วัฒนชัยศาสตร์"", ""party"": ""ภูมิใจไทย"", ""votes"": 872}, {""number"": 4, ""name"": ""นายอัครแสนคีรี โล่ห์วีระ"", ""party"": null, ""votes"": null}, {""number"": 5, ""name"": ""นายชานนท์ ต่อสกุล"", ""party"": null, ""votes"": null}, {""number"": 6, ""name"": ""นายจอมจักรภพ วัชระจินดาวัฒนะ"", ""party"": ""เพื่อไทย ..10.18."", ""votes"": null}, {""number"": 7, ""name"": ""นายพลากร ภูมินอก"", ""party"": ""ประชาธิปัตย์"", ""votes"": null}, {""number"": 8, ""name"": ""นายธีรวุฒิ พงษ์จันทร์"", ""party"": ""ไทยก้าวใหม่"", ""votes"": 1265}, {""number"": 9, ""name"": ""นายอดิเรก ดวงวันนี"", ""party"": ""ประชาธิปไตยใหม่"", ""votes"": null}, {""number"": 10, ""name"": ""นางสุชามนต์ เครือเครา"", ""party"": ""ไทยทรัพย์ทวี"", ""votes"": null}, {""number"": 11, ""name"": ""นางอรุณณี งามจิตสุวรรณ"", ""party"": null, ""votes"": null}]"
เขตเลือกตั้งที่ 3\อำเภอเทพสถิต\โป่งนก-001-แบ่งเขต.PDF,1,42,ชัยภูมิ,3,เทพสถิต,โป่งนก,001,แบ่งเขต,สส.5/18,แบ่งเขต,,,,,,44,2,221,222,223,23,,403,5,"[{""number"": 1, ""name"": ""นายสัมฤทธิ์ แทนทรัพย์"", ""party"": ""สังกัด"", ""votes"": 241}, {""number"": 2, ""name"": ""นายวีระ ถนอมธรรม"", ""party"": ""รวมไทยสร้างชาติ 0"", ""votes"": null}, {""number"": 3, ""name"": ""นายกฤษณ์ คูณรัตนศิริ"", ""party"": ""ประชาชน"", ""votes"": null}, {""number"": 4, ""name"": ""นางสาวพิศมัย สร้อยสุวรรณ"", ""party"": ""ประชาธิปัตย์"", ""votes"": null}, {""number"": 5, ""name"": ""นายสนั่น พัชรเดชโสภณ"", ""party"": ""เพื่อไทย"", ""votes"": 109}]"
เขตเลือกตั้งที่ 3\อำเภอเทพสถิต\โป่งนก-001-แบ่งเขต.PDF,2,42,ชัยภูมิ,3,เทพสถิต,โป่งนก,001,แบ่งเขต,สส.5/18,,,,,,,,,,,,,,,0,[]
เขตเลือกตั้งที่ 3\อำเภอเทพสถิต\โป่งนก-001-แบ่งเขต.PDF,3,42,ชัยภูมิ,3,เทพสถิต,โป่งนก,001,แบ่งเขต,สส.5/18,แบ่งเขต,,,,าล,,520,24,221,222,223,23,500,232,5,"[{""number"": 1, ""name"": ""นายสัมฤทธิ์ แทนทรัพย์"", ""party"": ""สังกัด"", ""votes"": null}, {""number"": 2, ""name"": ""นายวีระ ถนอมธรรม"", ""party"": null, ""votes"": null}, {""number"": 3, ""name"": ""นายกฤษณ์ คูณรัตนศิริ"", ""party"": null, ""votes"": null}, {""number"": 4, ""name"": ""นางสาวพิศมัย สร้อยสุวรรณ"", ""party"": ""ประชาธิปัตย์"", ""votes"": null}, {""number"": 5, ""name"": ""นายสนั่น พัชรเดชโสภณ"", ""party"": ""พันโท สุเทพ บุญทะเล"", ""votes"": null}]"
เขตเลือกตั้งที่ 7\อำเภอแก้งคร้อ\ต.หลุบคา-แบ่งเขต-หน่วยที่ 1-10.pdf,1,20,ชัยภูมิ,7,แก้งคร้อ,หลุบคา,1-10,แบ่งเขต,สส.5/18,แบ่งเขต,7,1,,าล,ขต,6,45,221,222,223,23,400,391,11,"[{""number"": 1, ""name"": ""นายกิตติธัช คำวงษ์"", ""party"": null, ""votes"": null}, {""number"": 2, ""name"": ""นายกิติพร เศรษฐภูมิภักดี"", ""party"": ""ประชาชน"", ""votes"": 0}, {""number"": 3, ""name"": ""นายชานนท์ ต่อสกุล"", ""party"": ""ภูมิใจไทย"", ""votes"": null}, {""number"": 4, ""name"": ""นายอัครแสนคีรี โล่ห์วีระ"", ""party"": ""กล้าธรรม"", ""votes"": 218}, {""number"": 5, ""name"": ""นางสาวปัญชลีย์ วัฒนชัยศาสตร์"", ""party"": ""พลังประชารัฐ"", ""votes"": null}, {""number"": 7, ""name"": ""นายพลากร ภูมินอก"", ""party"": ""ประชาธิปัตย์"", ""votes"": null}, {""number"": 8, ""name"": ""นายจอมจักรภพ วัชระจินดาวัฒนะ"", ""party"": ""เพื่อไทย"", ""votes"": 110}, {""number"": 8, ""name"": ""นายธีรวุฒิ พงษ์จันทร์"", ""party"": ""ไทยก้าวใหม่"", ""votes"": null}, {""number"": 9, ""name"": ""นายอดิเรก ดวงวันนี"", ""party"": ""ประชาธิปไตยใหม่"", ""votes"": null}, {""number"": 10, ""name"": ""นางสุชามนต์ เครือเครา"", ""party"": ""ไทยทรัพย์ทวี"", ""votes"": null}, {""number"": 11, ""name"": ""นางอรุณณี งามจิตสุวรรณ"", ""party"": null, ""votes"": null}]"
เขตเลือกตั้งที่ 7\อำเภอแก้งคร้อ\ต.หลุบคา-แบ่งเขต-หน่วยที่ 1-10.pdf,2,20,ชัยภูมิ,7,แก้งคร้อ,หลุบคา,1-10,แบ่งเขต,สส.5/18,,,,,,,,,,,,,,,0,[]
เขตเลือกตั้งที่ 7\อำเภอแก้งคร้อ\ต.หลุบคา-แบ่งเขต-หน่วยที่ 1-10.pdf,3,20,ชัยภูมิ,7,แก้งคร้อ,หลุบคา,1-10,แบ่งเขต,สส.5/18,แบ่งเขต,7,2,2,หลุบ,แก๊งคอ,533,324,221,222,223,23,520,318,12,"[{""number"": 1, ""name"": ""นายกิตติธัช คำวงษ์"", ""party"": ""ประชาชน"", ""votes"": null}, {""number"": 1, ""name"": ""นายจอมจักรภพ วัชระจินดาวัฒนะ"", ""party"": ""เพื่อไทย"", ""votes"": 144}, {""number"": 1, ""name"": ""นาง"", ""party"": null, ""votes"": null}, {""number"": 2, ""name"": ""นางสาวปัญชลีย์ วัฒนชัยศาสตร์"", ""party"": ""พลังประชารัฐ"", ""votes"": null}, {""number"": 3, ""name"": ""นายชานนท์ ต่อสกุล"", ""party"": ""ภูมิใจไทย"", ""votes"": null}, {""number"": 4, ""name"": ""นายอัครแสนคีรี โล่ห์วีระ"", ""party"": ""กล้าธรรม"", ""votes"": 141}, {""number"": 5, ""name"": ""นายอดิเรก ดวงวันนี้"", ""party"": ""ประชาธิปไตยใหม่"", ""votes"": null}, {""number"": 7, ""name"": ""นายพลากร ภูมินอก"", ""party"": ""ประชาธิปัตย์"", ""votes"": 0}, {""number"": 8, ""name"": ""นายธีรวุฒิ พงษ์จันทร์"", ""party"": ""ไทยก้าวใหม่"", ""votes"": null}, {""number"": 10, ""name"": ""นายกิติพร เศรษฐภูมิภักดี"", ""party"": ""รวมไทยสร้างชาติ 3"", ""votes"": null}, {""number"": 10, ""name"": ""นางสุชามนต์ เครือเครา"", ""party"": ""ไทยทรัพย์ทวี ....."", ""votes"": null}, {""number"": 11, ""name"": ""นางอรุณณี งามจิตสุวรรณ"", ""party"": null, ""votes"": null}]"
เขตเลือกตั้งที่ 4\04-แบบ ส.ส. 5_17-บัญชีรายชื่อ-นอกเขต.pdf,1,28,ชัยภูมิ,4,,,,บัญชีรายชื่อ,สส.5/17,บัญชีรายชื่อ,4,,,,,,,,22,23,,,,0,[]
เขตเลือกตั้งที่ 4\04-แบบ ส.ส. 5_17-บัญชีรายชื่อ-นอกเขต.pdf,2,28,ชัยภูมิ,4,,,,บัญชีรายชื่อ,สส.5/17,บัญชีรายชื่อ,,,,,,,,,,,,,,0,[]
เขตเลือกตั้งที่ 4\04-แบบ ส.ส. 5_17-บัญชีรายชื่อ-นอกเขต.pdf,3,28,ชัยภูมิ,4,,,,บัญชีรายชื่อ,สส.5/17,บัญชีรายชื่อ,,,,,,,,,,,,,592,0,[]
เขตเลือกตั้งที่ 5\อำเภอคอนสาร\แบ่งเขต\คอนสาร-แบ่งเขต-หน่วยที่ 1-6.pdf,2,12,ชัยภูมิ,5,คอนสาร,,1-6,แบ่งเขต,สส.5/18,,,,,,,,,,,,,,,0,[]
เขตเลือกตั้งที่ 5\อำเภอคอนสาร\แบ่งเขต\คอนสาร-แบ่งเขต-หน่วยที่ 1-6.pdf,3,12,ชัยภูมิ,5,คอนสาร,,1-6,แบ่งเขต,สส.5/18,แบ่งเขต,5,42,8,าล,ขต,58,3,221,222,223,23,580,357,11,"[{""number"": 1, ""name"": ""นายชยนนท์ คำเบ้า"", ""party"": ""ประชาธิปัตย์"", ""votes"": null}, {""number"": 1, ""name"": ""นายวิชัย ปัญญา"", ""party"": ""ไทยทรัพย์ทวี"", ""votes"": null}, {""number"": 2, ""name"": ""นายธนกฤต จรรย์โกมล"", ""party"": ""ภูมิใจไทย"", ""votes"": null}, {""number"": 3, ""name"": ""ส.อ.นิติภัส สุภาพงษ์นันทกุล"", ""party"": ""รวมไทยสร้างชาติ"", ""votes"": null}, {""number"": 4, ""name"": ""นายสุขสันต์ ชื่นจิตร"", ""party"": ""กล้าธรรม"", ""votes"": null}, {""number"": 5, ""name"": ""นายศิวะ พงศ์ธีระดุลย์"", ""party"": ""เพื่อไทย"", ""votes"": 154}, {""number"": 6, ""name"": ""นายอภิเดช ประทุมแก้ว"", ""party"": ""ประชาชน"", ""votes"": null}, {""number"": 7, ""name"": ""นายศรคม ชา"", ""party"": ""พลังประชารัฐ"", ""votes"": null}, {""number"": 10, ""name"": ""นายปิยชัย โชติมาวณิช"", ""party"": ""เศรษฐกิจ"", ""votes"": null}, {""number"": 11, ""name"": ""นายจงเจริญ เอกทวีกุล"", ""party"": ""ประชากรไทย"", ""votes"": null}, {""number"": 18, ""name"": ""นายหนูเสน พรมวงศ์"", ""party"": ""ทางเลือกใหม่"", ""votes"": null}]"
เขตเลือกตั้งที่ 2\อำเภอบ้านเขว้า\ต.ลุ่มลำชี แบ่งเขต.PDF,1,46,ชัยภูมิ,2,บ้านเขว้า,,,แบ่งเขต,สส.5/18,แบ่งเขต,2,,,าล,บ้านเขว้า,13,20,221,222,223,23,400,189,7,"[{""number"": 1, ""name"": ""นายประเสริฐศักดิ์ ขำหินตั้ง"", ""party"": ""สังกัด"", ""votes"": null}, {""number"": 2, ""name"": ""นางสาววาสนา อยู่ภักดี"", ""party"": ""ประชาชน"", ""votes"": null}, {""number"": 3, ""name"": ""นายเชิงชาย ชาลีรินทร์"", ""party"": ""เพื่อไทย"", ""votes"": 149}, {""number"": 4, ""name"": ""นายณรงค์ แขนอก"", ""party"": ""ประชาธิปัตย์"", ""votes"": null}, {""number"": 5, ""name"": ""นายทัศนัย สุขประสาร"", ""party"": ""ภูมิใจไทย"", ""votes"": null}, {""number"": 5, ""name"": ""นายโสโชค สู้โนนตาด"", ""party"": ""รวมไทยสร้างชาติ"", ""votes"": null}, {""number"": 6, ""name"": ""นายถวัลย์ หงษ์ไทย"", ""party"": null, ""votes"": null}]"
เขตเลือกตั้งที่ 2\อำเภอบ้านเขว้า\ต.ลุ่มลำชี แบ่งเขต.PDF,2,46,ชัยภูมิ,2,บ้านเขว้า,,,แบ่งเขต,สส.5/18,,,,,,,,,,,,,,,0,[]
เขตเลือกตั้งที่ 2\อำเภอบ้านเขว้า\ต.ลุ่มลำชี แบ่งเขต.PDF,3,46,ชัยภูมิ,2,บ้านเขว้า,,,แบ่งเขต,สส.5/18,แบ่งเขต,2,,,าล,,500,2,221,222,223,267,,,7,"[{""number"": 1, ""name"": ""นายประเสริฐศักดิ์ ชาหินตั้ง"", ""party"": ""สังกัด"", ""votes"": null}, {""number"": 2, ""name"": ""นางสาววาสนา อยู่ภักดี"", ""party"": null, ""votes"": null}, {""number"": 3, ""name"": ""นายเชิงชาย ชาลีรินทร์"", ""party"": ""ประชาชน"", ""votes"": 23}, {""number"": 4, ""name"": ""นายถวัลย์ หงษ์ไทย"", ""party"": ""เศรษฐกิจ"", ""votes"": null}, {""number"": 5, ""name"": ""นายทัศนัย สุขประสาร"", ""party"": ""ภูมิใจไทย ...3."", ""votes"": null}, {""number"": 6, ""name"": ""นายณรงค์ แขนอก"", ""party"": ""ประชาธิปัตย์"", ""votes"": null}, {""number"": null, ""name"": ""นายโสโชค สู้โนนตาด"", ""party"": ""รวมไทยสร้างชาติ"", ""votes"": null}]"
เขตเลือกตั้งที่ 5\อำเภอเกษตรสมบูรณ์\แบ่งเขต\ต.บ้านเป้า-แบ่งเขต-หน่วยที่ 1-6.pdf,2,12,ชัยภูมิ,5,เกษตรสมบูรณ์,บ้านเป้า,1-6,แบ่งเขต,สส.5/18,,,,,,,,,,,,,,,0,[]
เขตเลือกตั้งที่ 5\อำเภอเกษตรสมบูรณ์\แบ่งเขต\ต.บ้านเป้า-แบ่งเขต-หน่วยที่ 1-6.pdf,3,12,ชัยภูมิ,5,เกษตรสมบูรณ์,บ้านเป้า,1-6,แบ่งเขต,สส.5/18,แบ่งเขต,5,2,2,บ้านเป้า,มาร,40,40,400,222,223,23,15,301,10,"[{""number"": 1, ""name"": ""นายชยนนท์ คำเบ้า"", ""party"": ""ประชาธิปัตย์"", ""votes"": null}, {""number"": 2, ""name"": ""นายธนกฤต จรรย์โกมล"", ""party"": ""ภูมิใจไทย"", ""votes"": null}, {""number"": 3, ""name"": ""ส.อ.นิติภัส สุภาพงษ์นันทกุล"", ""party"": ""รวมไทยสร้างชาติ"", ""votes"": null}, {""number"": 4, ""name"": ""นายสุขสันต์ ชื่นจิตร"", ""party"": null, ""votes"": null}, {""number"": 5, ""name"": ""นายศิวะ พงศ์ธีระดุลย์"", ""party"": ""กล้าธรรม"", ""votes"": 207}, {""number"": 7, ""name"": ""นายศรคม ชา"", ""party"": ""พลังประชารัฐ"", ""votes"": 25}, {""number"": 8, ""name"": ""นายหนูเสน พรมวงศ์"", ""party"": ""ทางเลือกใหม่"", ""votes"": null}, {""number"": 9, ""name"": ""นายวิชัย ปัญญา"", ""party"": ""ไทยทรัพย์ทวี"", ""votes"": null}, {""number"": 10, ""name"": ""นายปิยชัย โชติมาวณิช"", ""party"": ""เศรษฐกิจ"", ""votes"": null}, {""number"": 11, ""name"": ""นายจงเจริญ เอกทวีกุล"", ""party"": ""ประชากรไทย"", ""votes"": null}]"
เขตเลือกตั้งที่ 2\อำเภอบ้านเขว้า\ต.ตลาดแร้ง-แบ่งเขต.PDF,1,47,ชัยภูมิ,2,บ้านเขว้า,ตลาดแร้ง,,แบ่งเขต,สส.5/18,แบ่งเขต,,3,2,าล,บ้านเขวา,391,229,221,222,223,23,880,200,7,"[{""number"": 1, ""name"": ""นายโสโชค สู้โนนตาด"", ""party"": ""รวมไทยสร้างชาติ"", ""votes"": null}, {""number"": 2, ""name"": ""นางสาววาสนา อยู่ภักดี"", ""party"": null, ""votes"": null}, {""number"": 3, ""name"": ""นายประเสริฐศักดิ์ ข่าหินตั้ง"", ""party"": ""สังกัด"", ""votes"": null}, {""number"": 4, ""name"": ""นายณรงค์ แขนอก"", ""party"": null, ""votes"": null}, {""number"": 5, ""name"": ""นายเชิงชาย ชาลีรินทร์"", ""party"": ""ประชาชน"", ""votes"": 25}, {""number"": 6, ""name"": ""นายทัศนัย สุขประสาร"", ""party"": ""ประชาธิปัตย์ 2."", ""votes"": null}, {""number"": null, ""name"": ""นายถวัลย์ หงษ์ไทย"", ""party"": ""เศรษฐกิจ"", ""votes"": null}]"
เขตเลือกตั้งที่ 2\อำเภอบ้านเขว้า\ต.ตลาดแร้ง-แบ่งเขต.PDF,2,47,ชัยภูมิ,2,บ้านเขว้า,ตลาดแร้ง,,แบ่งเขต,สส.5/18,,,,,,,,,,,,,,,0,[]
เขตเลือกตั้งที่ 2\อำเภอบ้านเขว้า\ต.ตลาดแร้ง-แบ่งเขต.PDF,3,47,ชัยภูมิ,2,บ้านเขว้า,ตลาดแร้ง,,แบ่งเขต,สส.5/18,แบ่งเขต,1,,,าล,ขต,336,2,221,222,223,23,220,,7,"[{""number"": 1, ""name"": ""นายประเสริฐศักดิ์ ขำหินตั้ง"", ""party"": ""ไทยก้าวใหม่"", ""votes"": null}, {""number"": 2, ""name"": ""นางสาววาสนา อยู่ภักดี"", ""party"": ""ประชาชน"", ""votes"": 130}, {""number"": 3, ""name"": ""นายเชิงชาย ชาลีรินทร์"", ""party"": ""เพื่อไทย"", ""votes"": null}, {""number"": 4, ""name"": ""นายณรงค์ แขนอก"", ""party"": ""ประชาธิปัตย์"", ""votes"": null}, {""number"": 5, ""name"": ""นายทัศนัย สุขประสาร"", ""party"": ""ภูมิใจไทย"", ""votes"": null}, {""number"": 6, ""name"": ""นายโสโชค สู้โนนตาด"", ""party"": ""รวมไทยสร้างชาติ"", ""votes"": null}, {""number"": 8, ""name"": ""นายถวัลย์ หงษ์ไทย"", ""party"": ""เศรษฐกิจ"", ""votes"": null}]"
เขตเลือกตั้งที่ 3\อำเภอเทพสถิต\นายางกลัก-001-แบ่งเขต.PDF,1,50,ชัยภูมิ,3,เทพสถิต,นายางกลัก,001,แบ่งเขต,สส.5/18,แบ่งเขต,,,9,าล,ราคา,1,2,221,222,223,23,,,5,"[{""number"": 1, ""name"": ""นายสัมฤทธิ์ แทนทรัพย์"", ""party"": ""สังกัด"", ""votes"": null}, {""number"": 2, ""name"": ""นายวีระ ถนอมธรรม"", ""party"": ""รวมไทยสร้างชาติ"", ""votes"": null}, {""number"": 3, ""name"": ""นายกฤษณ์ คุณรัตนศิริ"", ""party"": ""ประชาชน"", ""votes"": null}, {""number"": 4, ""name"": ""นางสาวพิศมัย สร้อยสุวรรณ"", ""party"": ""ประชาธิปัตย์"", ""votes"": null}, {""number"": 5, ""name"": ""นายสนั่น พัชรเดชโสภณ"", ""party"": ""เพื่อไทย"", ""votes"": 50}]"
เขตเลือกตั้งที่ 3\อำเภอเทพสถิต\นายางกลัก-001-แบ่งเขต.PDF,2,50,ชัยภูมิ,3,เทพสถิต,นายางกลัก,001,แบ่งเขต,สส.5/18,,,,,,,,,,,,,,,0,[]
เขตเลือกตั้งที่ 3\อำเภอเทพสถิต\นายางกลัก-001-แบ่งเขต.PDF,3,50,ชัยภูมิ,3,เทพสถิต,นายางกลัก,001,แบ่งเขต,สส.5/18,แบ่งเขต,,,,,ขต,3,,221,222,223,23,580,256,5,"[{""number"": 1, ""name"": ""นายสัมฤทธิ์ แทนทรัพย์"", ""party"": ""ภูมิใจไทย"", ""votes"": 140}, {""number"": 2, ""name"": ""นายวีระ ถนอมธรรม"", ""party"": ""รวมไทยสร้างชาติ"", ""votes"": null}, {""number"": 3, ""name"": ""นายกฤษณ์ คูณรัตนศิริ"", ""party"": ""ประชาชน"", ""votes"": null}, {""number"": 4, ""name"": ""นางสาวพิศมัย"", ""party"": ""สร้อยสุวรรณ"", ""votes"": null}, {""number"": null, ""name"": ""นายสนั่น พัชรเดชโสภณ"", ""party"": ""ประชาธิปัตย์"", ""votes"": null}]"
เขตเลือกตั้งที่ 7\อำเภอคอนสวรรค์\ต.ช่องสามหมอ-แบ่งเขต-หน่วยที่ 1-8.pdf,1,16,ชัยภูมิ,7,คอนสวรรค์,ช่องสามหมอ,1-8,แบ่งเขต,สส.5/18,แบ่งเขต,7,,,าล,ขต,,,221,222,223,23,600,750,11,"[{""number"": 1, ""name"": ""นายธีรวุฒิ พงษ์จันทร์"", ""party"": ""ไทยก้าวใหม่"", ""votes"": null}, {""number"": 2, ""name"": ""นายกิติพร เศรษฐภูมิภักดี"", ""party"": ""รวมไทยสร้างชาติ"", ""votes"": null}, {""number"": 3, ""name"": ""นายชานนท์ ต่อสกุล"", ""party"": null, ""votes"": null}, {""number"": 4, ""name"": ""นายอัครแสนคีรี โล่ห์วีระ"", ""party"": ""ภูมิใจไทย"", ""votes"": null}, {""number"": 5, ""name"": ""นางสาวปัญชลีย์ วัฒนชัยศาสตร์"", ""party"": ""พลังประชารัฐ"", ""votes"": null}, {""number"": 6, ""name"": ""นายกิตติธัช คำวงษ์"", ""party"": ""ประชาชน"", ""votes"": null}, {""number"": 7, ""name"": ""นายพลากร ภูมินอก"", ""party"": ""ประชาธิปัตย์"", ""votes"": null}, {""number"": 8, ""name"": ""นายจอมจักรภพ วัชระจินดาวัฒนะ"", ""party"": ""เพื่อไทย"", ""votes"": null}, {""number"": 9, ""name"": ""นายอดิเรก ดวงจันนี"", ""party"": ""ประชาธิปไตยใหม่ อ"", ""votes"": 9877}, {""number"": 10, ""name"": ""นางสุขามนต์ เครือเครา"", ""party"": ""ไทยทรัพย์ทวี"", ""votes"": null}, {""number"": 11, ""name"": ""นางอรุณณี งามจิตสุวรรณ"", ""party"": null, ""votes"": null}]"
เขตเลือกตั้งที่ 7\อำเภอคอนสวรรค์\ต.ช่องสามหมอ-แบ่งเขต-หน่วยที่ 1-8.pdf,2,16,ชัยภูมิ,7,คอนสวรรค์,ช่องสามหมอ,1-8,แบ่งเขต,สส.5/18,,,,,,,,,,,,,,,0,[]
เขตเลือกตั้งที่ 7\อำเภอคอนสวรรค์\ต.ช่องสามหมอ-แบ่งเขต-หน่วยที่ 1-8.pdf,3,16,ชัยภูมิ,7,คอนสวรรค์,ช่องสามหมอ,1-8,แบ่งเขต,สส.5/18,แบ่งเขต,7,2,2,ช่องสามหมอ,คอนสวรรค์,2,4,221,222,100,23,,,10,"[{""number"": 2, ""name"": ""นายกิติพร เศรษฐภูมิภักดี"", ""party"": ""รวมไทยสร้างชาติ 0"", ""votes"": null}, {""number"": 3, ""name"": ""นายชานนท์ ต่อสกุล"", ""party"": ""ภูมิใจไทย"", ""votes"": null}, {""number"": 4, ""name"": ""นายอัครแสนคีรี โล่ห์วีระ"", ""party"": ""กล้าธรรม"", ""votes"": 298}, {""number"": 5, ""name"": ""นางสาวปัญชลีย์ วัฒนชัยศาสตร์"", ""party"": ""พลังประชารัฐ"", ""votes"": null}, {""number"": 7, ""name"": ""นายพลากร ภูมินอก"", ""party"": ""ประชาธิปัตย์"", ""votes"": null}, {""number"": 8, ""name"": ""นายธีรวุฒิ พงษ์จันทร์"", ""party"": ""ไทยก้าวใหม่"", ""votes"": null}, {""number"": 9, ""name"": ""นายจอมจักรภพ วัชระจินดาวัฒนะ"", ""party"": ""เพื่อไทย"", ""votes"": null}, {""number"": 9, ""name"": ""นายอดิเรก ดวงจันนี"", ""party"": ""ประชาธิปไตยใหม่"", ""votes"": null}, {""number"": 10, ""name"": ""นางสุชามนต์ เครือเครา"", ""party"": ""ไทยทรัพย์ทวี"", ""votes"": null}, {""number"": 11, ""name"": ""นางอรุณณี งามจิตสุวรรณ"", ""party"": null, ""votes"": null}]"
เขตเลือกตั้งที่ 7\อำเภอคอนสวรรค์\ต.โนนสะอาด-แบ่งเขต-หน่วยที่ 1-9.pdf,1,18,ชัยภูมิ,7,คอนสวรรค์,โนนสะอาด,1-9,แบ่งเขต,สส.5/18,แบ่งเขต,7,1,1,โนนสะอาด,ขต,51,324,221,222,223,23,20,425,11,"[{""number"": 1, ""name"": ""นายกิตติธัช คำวงษ์"", ""party"": ""ประชาชน"", ""votes"": 46}, {""number"": 1, ""name"": ""นายกิติพร เศรษฐภูมิภักดี"", ""party"": ""รวมไทยสร้างชาติ 1."", ""votes"": null}, {""number"": 3, ""name"": ""นายชานนท์ ต่อสกุล"", ""party"": ""ภูมิใจไทย"", ""votes"": null}, {""number"": 4, ""name"": ""นายอัครแสนคีรี โล่ห์วีระ"", ""party"": ""กล้าธรรม"", ""votes"": 85}, {""number"": 5, ""name"": ""นางสาวปัญชลีย์ วัฒนชัยศาสตร์"", ""party"": ""พลังประชารัฐ"", ""votes"": 2}, {""number"": 6, ""name"": ""นายจอมจักรภพ วัชระจินดาวัฒนะ"", ""party"": ""เพื่อไทย"", ""votes"": null}, {""number"": 7, ""name"": ""นายพลากร ภูมินอก"", ""party"": ""ประชาธิปัตย์"", ""votes"": null}, {""number"": 8, ""name"": ""นายธีรวุฒิ พงษ์จันทร์"", ""party"": ""ไทยก้าวใหม่"", ""votes"": null}, {""number"": 9, ""name"": ""นายอดิเรก ดวงจันนี"", ""party"": ""ประชาธิปไตยใหม่"", ""votes"": 5}, {""number"": 10, ""name"": ""นางสุชามนต์ เครือเครา"", ""party"": ""ไทยทรัพย์ทวี"", ""votes"": null}, {""number"": 11, ""name"": ""นางอรุณณี งามจิตสุวรรณ"", ""party"": ""เศรษฐกิจ"", ""votes"": null}]"
เขตเลือกตั้งที่ 7\อำเภอคอนสวรรค์\ต.โนนสะอาด-แบ่งเขต-หน่วยที่ 1-9.pdf,2,18,ชัยภูมิ,7,คอนสวรรค์,โนนสะอาด,1-9,แบ่งเขต,สส.5/18,,,,,,,,,,,,,,,0,[]
เขตเลือกตั้งที่ 7\อำเภอคอนสวรรค์\ต.โนนสะอาด-แบ่งเขต-หน่วยที่ 1-9.pdf,3,18,ชัยภูมิ,7,คอนสวรรค์,โนนสะอาด,1-9,แบ่งเขต,สส.5/18,แบ่งเขต,7,2,2,โนนสะอาด,ขต,565,345,221,222,223,23,526,335,11,"[{""number"": 1, ""name"": ""นายกิตติธัช คำวงษ์"", ""party"": ""ประชาชน"", ""votes"": null}, {""number"": 2, ""name"": ""นายกิติพร เศรษฐภูมิภักดี"", ""party"": ""รวมไทยสร้างชาติ | 2"", ""votes"": 500}, {""number"": 3, ""name"": ""นายชานนท์ ต่อสกุล"", ""party"": ""ภูมิใจไทย"", ""votes"": 465}, {""number"": 4, ""name"": ""นายอัครแสนคีรี โล่ห์วีระ"", ""party"": ""กล้าธรรม"", ""votes"": 171}, {""number"": 5, ""name"": ""นางสาวปัญชลีย์ วัฒนชัยศาสตร์"", ""party"": ""พลังประชารัฐ"", ""votes"": null}, {""number"": 6, ""name"": ""นายจอมจักรภพ วัชระจินดาวัฒนะ"", ""party"": ""เพื่อไทย"", ""votes"": 128}, {""number"": 7, ""name"": ""นายพลากร ภูมินอก"", ""party"": ""ประชาธิปัตย์ 2"", ""votes"": 50}, {""number"": 8, ""name"": ""นายธีรวุฒิ พงษ์จันทร์"", ""party"": ""ไทยก้าวใหม่ 2"", ""votes"": 506}, {""number"": 9, ""name"": ""นายอดิเรก ดวงวันนี"", ""party"": ""ประชาธิปไตยใหม่ 5"", ""votes"": null}, {""number"": 10, ""name"": ""นางสุชามนต์ เครือเครา"", ""party"": ""ไทยทรัพย์ทวี"", ""votes"": 1565}, {""number"": 11, ""name"": ""นางอรุณณี งามจิตสุวรรณ"", ""party"": null, ""votes"": null}]"
เขตเลือกตั้งที่ 7\อำเภอแก้งคร้อ\ต.หนองไผ่-แบ่งเขต-หน่วยที่ 1-11.pdf,1,22,ชัยภูมิ,7,แก้งคร้อ,หนองไผ่,1-11,แบ่งเขต,สส.5/18,แบ่งเขต,7,1,2,เขาใช้,ขต,44,362,440,222,223,23,802,299,11,"[{""number"": 1, ""name"": ""นายกิตติธัช คำวงษ์"", ""party"": ""ประชาชน"", ""votes"": null}, {""number"": 2, ""name"": ""นายกิติพร เศรษฐภูมิภักดี"", ""party"": ""รวมไทยสร้างชาติ"", ""votes"": 507}, {""number"": 3, ""name"": ""นายชานนท์ ต่อสกุล"", ""party"": ""ภูมิใจไทย"", ""votes"": null}, {""number"": 3, ""name"": ""นายจอมจักรภพ วัชระจินดาวัฒนะ"", ""party"": ""เพื่อไทย"", ""votes"": 125}, {""number"": 4, ""name"": ""นายอัครแสนคีรี โล่ห์วีระ"", ""party"": ""กล้าธรรม"", ""votes"": 136}, {""number"": 5, ""name"": ""นางสาวปัญชลีย์ วัฒนชัยศาสตร์"", ""party"": ""พลังประชารัฐ"", ""votes"": null}, {""number"": 6, ""name"": ""นายพลากร ภูมินอก"", ""party"": ""ประชาธิปัตย์"", ""votes"": null}, {""number"": 7, ""name"": ""นางสุชามนต์ เครือเครา"", ""party"": ""ประชาธิปไตยใหม่"", ""votes"": null}, {""number"": 8, ""name"": ""นายธีรวุฒิ พงษ์จันทร์"", ""party"": ""ไทยก้าวใหม่"", ""votes"": null}, {""number"": 10, ""name"": ""นายอดิเรก ดวงวันนี"", ""party"": null, ""votes"": null}, {""number"": 11, ""name"": ""นางอรุณณี งามจิตสุวรรณ"", ""party"": null, ""votes"": null}]"
เขตเลือกตั้งที่ 7\อำเภอแก้งคร้อ\ต.หนองไผ่-แบ่งเขต-หน่วยที่ 1-11.pdf,2,22,ชัยภูมิ,7,แก้งคร้อ,หนองไผ่,1-11,แบ่งเขต,สส.5/18,,,,,,,,,,,,,,,0,[]
เขตเลือกตั้งที่ 7\อำเภอแก้งคร้อ\ต.หนองไผ่-แบ่งเขต-หน่วยที่ 1-11.pdf,3,22,ชัยภูมิ,7,แก้งคร้อ,หนองไผ่,1-11,แบ่งเขต,สส.5/18,แบ่งเขต,7,2,3,นโ,แคช,40,,222,222,223,23,400,257,11,"[{""number"": 1, ""name"": ""นายกิตติธัช คำวงษ์"", ""party"": null, ""votes"": null}, {""number"": 2, ""name"": ""นายกิติพร เศรษฐภูมิภักดี"", ""party"": ""ประชาชน"", ""votes"": null}, {""number"": 3, ""name"": ""นายอัครแสนคีรี โล่ห์วีระ"", ""party"": ""ภูมิใจไทย"", ""votes"": null}, {""number"": 4, ""name"": ""นายชานนท์ ต่อสกุล"", ""party"": null, ""votes"": null}, {""number"": 5, ""name"": ""นางสาวปัญชลีย์ วัฒนชัยศาสตร์"", ""party"": ""พลังประชารัฐ"", ""votes"": null}, {""number"": 6, ""name"": ""นายจอมจักรภพ วัชระจินดาวัฒนะ"", ""party"": ""เพื่อไทย"", ""votes"": null}, {""number"": 7, ""name"": ""นายพลากร ภูมินอก"", ""party"": ""ประชาธิปัตย์"", ""votes"": null}, {""number"": 8, ""name"": ""นายธีรวุฒิ พงษ์จันทร์"", ""party"": ""ไทยก้าวใหม่"", ""votes"": null}, {""number"": 9, ""name"": ""นายอดิเรก ดวงวันนี"", ""party"": ""ประชาธิปไตยใหม่"", ""votes"": null}, {""number"": 10, ""name"": ""นางสุชามนต์ เครือเครา"", ""party"": ""ไทยทรัพย์ทวี"", ""votes"": null}, {""number"": 11, ""name"": ""นางอรุณณี งามจิตสุวรรณ"", ""party"": ""เศรษฐกิจ"", ""votes"": null}]"
เขตเลือกตั้งที่ 2\อำเภอจัตุรัส\ต.หนองโดน-แบ่งเขต_บัญชีรายชื่อ.pdf,1,66,ชัยภูมิ,2,จัตุรัส,หนองโดน,,แบ่งเขต+บัญชีรายชื่อ,สส.5/18,แบ่งเขต,2,1,1,าล,จัตุร,429,240,400,222,223,23,240,205,7,"[{""number"": 1, ""name"": ""นายประเสริฐศักดิ์ ขำหินตั้ง"", ""party"": ""สังกัด"", ""votes"": null}, {""number"": 2, ""name"": ""นางสาววาสนา อยู่ภักดี"", ""party"": ""ประชาชน"", ""votes"": null}, {""number"": 3, ""name"": ""นายเชิงชาย ชาลีรินทร์"", ""party"": ""เพื่อไทย"", ""votes"": 2}, {""number"": 4, ""name"": ""นายณรงค์"", ""party"": ""แขนอก"", ""votes"": null}, {""number"": 4, ""name"": ""นายโสโชค สู้โนนตาด"", ""party"": ""รวมไทยสร้างชาติ"", ""votes"": null}, {""number"": 5, ""name"": ""นายทัศนัย สุขประสาร"", ""party"": ""ภูมิใจไทย"", ""votes"": null}, {""number"": 8, ""name"": ""นายถวัลย์ หงษ์ไทย"", ""party"": ""เศรษฐกิจ"", ""votes"": 15}]"
เขตเลือกตั้งที่ 2\อำเภอจัตุรัส\ต.หนองโดน-แบ่งเขต_บัญชีรายชื่อ.pdf,2,66,ชัยภูมิ,2,จัตุรัส,หนองโดน,,แบ่งเขต+บัญชีรายชื่อ,สส.5/18,,,,,,,,,,,,,,,0,[]
เขตเลือกตั้งที่ 2\อำเภอจัตุรัส\ต.หนองโดน-แบ่งเขต_บัญชีรายชื่อ.pdf,3,66,ชัยภูมิ,2,จัตุรัส,หนองโดน,,แบ่งเขต+บัญชีรายชื่อ,สส.5/18,บัญชีรายชื่อ,2,,,หนองโดน,จัตุรัส,429,240,221,222,400,,160,,0,[]
เขตเลือกตั้งที่ 6\อำเภอบ้านแท่น\แบ่งเขต\ทต.บ้านแท่น-แบ่งเขต-หน่วยที่ 1-7.pdf,1,14,ชัยภูมิ,6,บ้านแท่น,บ้านแท่น,1-7,แบ่งเขต,สส.5/18,แบ่งเขต,,10,,บ้านฯ,บ้านเช่น,3,231,221,222,271,3,21,271,7,"[{""number"": 1, ""name"": ""นายเสถียรพงศ์ เที่ยงตรง"", ""party"": ""ประชาธิปัตย์"", ""votes"": null}, {""number"": 2, ""name"": ""นายแทนยุทธพงษ์ วงษ์วัชรวานิช"", ""party"": ""ประชาชน"", ""votes"": null}, {""number"": 3, ""name"": ""นางสาวบัวพันธ์ ผ่อนจรุง"", ""party"": ""ประชาธิปไตยใหม่"", ""votes"": null}, {""number"": 4, ""name"": ""นายรุ่งโรจน์ ภูศักดิ์"", ""party"": ""รวมไทยสร้างชาติ"", ""votes"": null}, {""number"": 5, ""name"": ""นายเชวงศักดิ์ เร่งไพบูลย์วงษ์"", ""party"": ""ภูมิใจไทย"", ""votes"": null}, {""number"": 6, ""name"": ""นางสาววิเมลือง แก้วศิริ"", ""party"": ""เพื่อไทย"", ""votes"": null}, {""number"": 7, ""name"": ""นายสากล มาชัยภูมิ"", ""party"": ""เศรษฐกิจ"", ""votes"": 500}]"
เขตเลือกตั้งที่ 6\อำเภอบ้านแท่น\แบ่งเขต\ทต.บ้านแท่น-แบ่งเขต-หน่วยที่ 1-7.pdf,2,14,ชัยภูมิ,6,บ้านแท่น,บ้านแท่น,1-7,แบ่งเขต,สส.5/18,,,,,,,,,,,,,,,0,[]
เขตเลือกตั้งที่ 6\อำเภอบ้านแท่น\แบ่งเขต\ทต.บ้านแท่น-แบ่งเขต-หน่วยที่ 1-7.pdf,3,14,ชัยภูมิ,6,บ้านแท่น,บ้านแท่น,1-7,แบ่งเขต,สส.5/18,แบ่งเขต,6,,,้านแท่น,ขต,,,221,222,223,23,400,255,7,"[{""number"": 1, ""name"": ""นายเสถียรพงศ์ เที่ยงตรง"", ""party"": ""ประชาธิปัตย์"", ""votes"": null}, {""number"": 2, ""name"": ""นางสาวบัวพันธ์ ผ่อนจรุง"", ""party"": ""ประชาธิปไตยใหม่"", ""votes"": null}, {""number"": 3, ""name"": ""นางสาววิเมลือง แก้วศิริ"", ""party"": ""เพื่อไทย"", ""votes"": 61}, {""number"": 4, ""name"": ""นายรุ่งโรจน์ ภูศักดิ์"", ""party"": ""รวมไทยสร้างชาติ"", ""votes"": 1}, {""number"": 5, ""name"": ""นายเชวงศักดิ์ เร่งไพบูลย์วงษ์"", ""party"": ""ภูมิใจไทย"", ""votes"": 144}, {""number"": 6, ""name"": ""นายสากล มาชัยภูมิ"", ""party"": ""เศรษฐกิจ"", ""votes"": null}, {""number"": 10, ""name"": ""นายแทนยุทธพงษ์ วงษ์วัชรวานิช"", ""party"": null, ""votes"": null}]"
เขตเลือกตั้งที่ 5\อำเภอคอนสาร\แบ่งเขต\ทต.ลคอนสาร-แบ่งเขต-หน่วยที่ 1-8.pdf,1,16,ชัยภูมิ,5,คอนสาร,ลคอนสาร,1-8,แบ่งเขต,สส.5/18,แบ่งเขต,5,1,1,คน,ขต,51,223,221,220,,222,,207,11,"[{""number"": 1, ""name"": ""นายชยนนท์ คำเบ้า"", ""party"": ""ประชาธิปัตย์"", ""votes"": null}, {""number"": 2, ""name"": ""ส.อ.นิติภัส สุภาพงษ์นันทกุล"", ""party"": ""รวมไทยสร้างชาติ"", ""votes"": 485}, {""number"": 3, ""name"": ""นายอภิเดช"", ""party"": ""ประทุมแก้ว"", ""votes"": null}, {""number"": 4, ""name"": ""นายสุขสันต์ ชื่นจิตร"", ""party"": ""กล้าธรรม"", ""votes"": null}, {""number"": 5, ""name"": ""นายศิวะ พงศ์ธีระดุลย์"", ""party"": ""เพื่อไทย"", ""votes"": null}, {""number"": 6, ""name"": ""นายหนูเสน พรมวงศ์"", ""party"": ""ทางเลือกใหม่"", ""votes"": null}, {""number"": 7, ""name"": ""นายศรคม ชา"", ""party"": ""พลังประชารัฐ"", ""votes"": null}, {""number"": 9, ""name"": ""นายวิชัย ปัญญา"", ""party"": ""ไทยทรัพย์ทวี"", ""votes"": null}, {""number"": 10, ""name"": ""นายธนกฤต จรรย์โกมล"", ""party"": ""ภูมิใจไทย"", ""votes"": 70}, {""number"": 10, ""name"": ""นายปิยชัย โชติมาวณิช"", ""party"": ""เศรษฐกิจ"", ""votes"": null}, {""number"": 11, ""name"": ""นายจงเจริญ"", ""party"": ""เอกทวีกุล"", ""votes"": 445}]"
เขตเลือกตั้งที่ 5\อำเภอคอนสาร\แบ่งเขต\ทต.ลคอนสาร-แบ่งเขต-หน่วยที่ 1-8.pdf,2,16,ชัยภูมิ,5,คอนสาร,ลคอนสาร,1-8,แบ่งเขต,สส.5/18,,,,,,,,,,,,,,,0,[]
เขตเลือกตั้งที่ 3\อำเภอหนองบัวระเหว\ห้วยแย้-001-แบ่งเขต0001.pdf,2,29,ชัยภูมิ,3,หนองบัวระเหว,ห้วยแย้,001,แบ่งเขต,สส.5/18,,,,,,,,,,,,,,,0,[]
เขตเลือกตั้งที่ 7\อำเภอคอนสวรรค์\ต.คอนสวรรค์-แบ่งเขต-หน่วยที่ 1-10.pdf,1,20,ชัยภูมิ,7,คอนสวรรค์,คอนสวรรค์,1-10,แบ่งเขต,สส.5/18,แบ่งเขต,7,1,4,๑๒๕๕๑,ขต,433,58,221,222,350,23,,330,11,"[{""number"": 1, ""name"": ""นายกิตติธัช คำวงษ์"", ""party"": ""จะมาแล้ว ประชาชน"", ""votes"": null}, {""number"": 2, ""name"": ""นายกิติพร เศรษฐภูมิภักดี"", ""party"": ""รวมไทยสร้างชาติ"", ""votes"": null}, {""number"": 3, ""name"": ""นายชานนท์ ต่อสกุล"", ""party"": ""ภูมิใจไทย"", ""votes"": null}, {""number"": 4, ""name"": ""นายอัครแสนคีรี โล่ห์วีระ"", ""party"": ""กล้าธรรม"", ""votes"": 136}, {""number"": 5, ""name"": ""นางสาวปัญชลีย์ วัฒนชัยศาสตร์"", ""party"": ""พลังประชารัฐ"", ""votes"": 4972}, {""number"": 6, ""name"": ""นายจอมจักรภพ วัชระจินดาวัฒนะ"", ""party"": ""เพื่อไทย"", ""votes"": 140}, {""number"": 7, ""name"": ""นายพลากร ภูมินอก"", ""party"": ""ประชาธิปัตย์"", ""votes"": null}, {""number"": 8, ""name"": ""นายธีรวุฒิ พงษ์จันทร์"", ""party"": ""ไทยก้าวใหม่"", ""votes"": null}, {""number"": 9, ""name"": ""นายอดิเรก ดวงจันนี"", ""party"": ""ประชาธิปไตยใหม่"", ""votes"": null}, {""number"": 10, ""name"": ""นางสุชามนต์ เครือเครา"", ""party"": ""ไทยทรัพย์ทวี"", ""votes"": null}, {""number"": 11, ""name"": ""นางอรุณณี งามจิตสุวรรณ"", ""party"": null, ""votes"": null}]"
เขตเลือกตั้งที่ 7\อำเภอคอนสวรรค์\ต.คอนสวรรค์-แบ่งเขต-หน่วยที่ 1-10.pdf,2,20,ชัยภูมิ,7,คอนสวรรค์,คอนสวรรค์,1-10,แบ่งเขต,สส.5/18,,,,,,,,,,,,,,,0,[]
เขตเลือกตั้งที่ 7\อำเภอคอนสวรรค์\ต.คอนสวรรค์-แบ่งเขต-หน่วยที่ 1-10.pdf,3,20,ชัยภูมิ,7,คอนสวรรค์,คอนสวรรค์,1-10,แบ่งเขต,สส.5/18,แบ่งเขต,17,2,,ควร,ควร,2,254,260,222,223,23,254,2019,11,"[{""number"": 1, ""name"": ""นายกิตติธัช คำวงษ์"", ""party"": ""ประชาชน"", ""votes"": null}, {""number"": 2, ""name"": ""นายกิติพร เศรษฐภูมิภักดี"", ""party"": null, ""votes"": null}, {""number"": 3, ""name"": ""นายชานนท์ ต่อสกุล"", ""party"": ""ภูมิใจไทย"", ""votes"": null}, {""number"": 4, ""name"": ""นายอัครแสนคีรี โล่ห์วีระ"", ""party"": ""กล้าธรรม"", ""votes"": null}, {""number"": 5, ""name"": ""นางสาวปัญชลีย์ วัฒนชัยศาสตร์"", ""party"": ""พลังประชารัฐ"", ""votes"": 9}, {""number"": 6, ""name"": ""นายจอมจักรภพ วัชระจินดาวัฒนะ"", ""party"": ""เพื่อไทย"", ""votes"": null}, {""number"": 7, ""name"": ""นายพลากร ภูมินอก"", ""party"": ""ประชาธิปัตย์"", ""votes"": null}, {""number"": 8, ""name"": ""นายธีรวุฒิ พงษ์จันทร์"", ""party"": ""ไทยก้าวใหม่"", ""votes"": null}, {""number"": 9, ""name"": ""นายอดิเรก ดวงวันนี้"", ""party"": ""ประชาธิปไตยใหม่"", ""votes"": null}, {""number"": 10, ""name"": ""นางสุชามนต์ เครือเครา"", ""party"": ""ไทยทรัพย์ทวี"", ""votes"": 4205}, {""number"": 11, ""name"": ""นางอรุณณี งามจิตสุวรรณ"", ""party"": ""เศรษฐกิจ"", ""votes"": 500}]"
เขตเลือกตั้งที่ 5\อำเภอคอนสาร\แบ่งเขต\ทุ่งลุยลาย-แบ่งเขต-หน่วยที่ 1-9.pdf,1,18,ชัยภูมิ,5,คอนสาร,,1-9,แบ่งเขต,สส.5/18,แบ่งเขต,5,,1,าล,ตอน,,,660,222,223,1,223,455,11,"[{""number"": 1, ""name"": ""นายชยนนท์ คำเบ้า"", ""party"": ""ประชาธิปัตย์"", ""votes"": null}, {""number"": 2, ""name"": ""นายอภิเดช ประทุมแก้ว"", ""party"": ""ประชาชน"", ""votes"": null}, {""number"": 3, ""name"": ""ส.อ.นิติภัส สุภาพงษ์นันทกุล"", ""party"": ""รวมไทยสร้างชาติ"", ""votes"": null}, {""number"": 3, ""name"": ""นายวิชัย ปัญญา"", ""party"": ""ไทยทรัพย์ทวี"", ""votes"": null}, {""number"": 4, ""name"": ""นายสุขสันต์ ชื่นจิตร"", ""party"": ""กล้าธรรม"", ""votes"": null}, {""number"": 5, ""name"": ""นายศิวะ พงศ์ธีระดุลย์"", ""party"": ""เพื่อไทย"", ""votes"": 232}, {""number"": 7, ""name"": ""นายศรคม ชา"", ""party"": ""พลังประชารัฐ"", ""votes"": null}, {""number"": 8, ""name"": ""นายหนูเสน"", ""party"": ""พรมวงศ์"", ""votes"": null}, {""number"": 10, ""name"": ""นายธนกฤต จรรย์โกมล"", ""party"": ""ภูมิใจไทย"", ""votes"": 120}, {""number"": 10, ""name"": ""นายปิยชัย โชติมาวณิช"", ""party"": ""เศรษฐกิจ"", ""votes"": null}, {""number"": 11, ""name"": ""นายจงเจริญ เอกทวีกุล"", ""party"": ""ประชากรไทย"", ""votes"": null}]"
เขตเลือกตั้งที่ 5\อำเภอคอนสาร\แบ่งเขต\ทุ่งลุยลาย-แบ่งเขต-หน่วยที่ 1-9.pdf,2,18,ชัยภูมิ,5,คอนสาร,,1-9,แบ่งเขต,สส.5/18,,,,,,,,,,,,,,,0,[]
เขตเลือกตั้งที่ 5\อำเภอคอนสาร\แบ่งเขต\ทุ่งลุยลาย-แบ่งเขต-หน่วยที่ 1-9.pdf,3,18,ชัยภูมิ,5,คอนสาร,,1-9,แบ่งเขต,สส.5/18,แบ่งเขต,5,,,,ขต,464,219,221,222,223,23,460,253,11,"[{""number"": 1, ""name"": ""นายชยนนท์ คำเบ้า"", ""party"": ""ประชาธิปัตย์ .2 (502"", ""votes"": null}, {""number"": 1, ""name"": ""ส.อ.นิติภัส สุภาพงษ์นันทกุล"", ""party"": ""รวมไทยสร้างชาติ"", ""votes"": null}, {""number"": 2, ""name"": ""นายธนกฤต จรรย์โกมล"", ""party"": ""ภูมิใจไทย"", ""votes"": null}, {""number"": 3, ""name"": ""นายหนูเสน พรมวงศ์"", ""party"": ""ทางเลือกใหม่"", ""votes"": null}, {""number"": 4, ""name"": ""นายสุขสันต์ ชื่นจิตร"", ""party"": ""กล้าธรรม"", ""votes"": 2}, {""number"": 5, ""name"": ""นายศิวะ พงศ์ธีระดุลย์"", ""party"": ""เพื่อไทย"", ""votes"": null}, {""number"": 6, ""name"": ""นายอภิเดช ประทุมแก้ว"", ""party"": ""ประชาชน"", ""votes"": null}, {""number"": 7, ""name"": ""นายศรคม ชา"", ""party"": ""พลังประชารัฐ"", ""votes"": 33}, {""number"": 8, ""name"": ""นายวิชัย ปัญญา"", ""party"": ""ไทยทรัพย์ทวี"", ""votes"": 6607}, {""number"": 10, ""name"": ""นายปิยชัย โชติมาวณิช"", ""party"": ""เศรษฐกิจ"", ""votes"": null}, {""number"": 11, ""name"": ""นายจงเจริญ เอกทวีกุล"", ""party"": null, ""votes"": null}]"
เขตเลือกตั้งที่ 5\อำเภอคอนสาร\แบ่งเขต\ดงกลาง-แบ่งเขต-หน่วยที่ 1-9.pdf,1,19,ชัยภูมิ,5,คอนสาร,,1-9,แบ่งเขต,สส.5/18,แบ่งเขต,5,,,,,2,,221,222,223,23,444,457,11,"[{""number"": 1, ""name"": ""นายชยนนท์ คำเบ้า"", ""party"": ""ประชาธิปัตย์"", ""votes"": 4}, {""number"": 2, ""name"": ""นายธนกฤต จรรย์โกมล"", ""party"": ""ภูมิใจไทย"", ""votes"": 163}, {""number"": 3, ""name"": ""นายสุขสันต์ ชื่นจิตร"", ""party"": ""รวมไทยสร้างชาติ"", ""votes"": null}, {""number"": 3, ""name"": ""นายศรคม ชา"", ""party"": ""พลังประชารัฐ"", ""votes"": null}, {""number"": 4, ""name"": ""ส.อ.นิติภัส สุภาพงษ์นันทกุล"", ""party"": null, ""votes"": null}, {""number"": 5, ""name"": ""นายศิวะ พงศ์ธีระดุลย์"", ""party"": ""เพื่อไทย"", ""votes"": null}, {""number"": 6, ""name"": ""นายอภิเดช"", ""party"": ""ประทุมแก้ว"", ""votes"": null}, {""number"": 7, ""name"": ""นายหนูเสน พรมวงศ์"", ""party"": ""ทางเลือกใหม่"", ""votes"": null}, {""number"": 9, ""name"": ""นายวิชัย ปัญญา"", ""party"": ""ไทยทรัพย์ทวี"", ""votes"": null}, {""number"": 10, ""name"": ""นายปิยชัย โชติมาวณิช"", ""party"": ""เศรษฐกิจ"", ""votes"": null}, {""number"": 11, ""name"": ""นายจงเจริญ เอกทวีกุล"", ""party"": null, ""votes"": null}]"
เขตเลือกตั้งที่ 5\อำเภอคอนสาร\แบ่งเขต\ดงกลาง-แบ่งเขต-หน่วยที่ 1-9.pdf,2,19,ชัยภูมิ,5,คอนสาร,,1-9,แบ่งเขต,สส.5/18,,,,,,,,,,,,,,,0,[]
เขตเลือกตั้งที่ 5\อำเภอคอนสาร\แบ่งเขต\ดงกลาง-แบ่งเขต-หน่วยที่ 1-9.pdf,3,19,ชัยภูมิ,5,คอนสาร,,1-9,แบ่งเขต,สส.5/18,แบ่งเขต,5,,,,ขต,28,297,221,222,223,23,8420,230,10,"[{""number"": 1, ""name"": ""นายชยนนท์ คำเบ้า"", ""party"": ""ประชาธิปัตย์"", ""votes"": 10}, {""number"": 2, ""name"": ""นายวิชัย ปัญญา"", ""party"": ""ไทยทรัพย์ทวี"", ""votes"": 1}, {""number"": 3, ""name"": ""ส.อ.นิติภัส สุภาพงษ์นันทกุล"", ""party"": ""รวมไทยสร้างชาติ"", ""votes"": null}, {""number"": 4, ""name"": ""นายสุขสันต์ ชื่นจิตร"", ""party"": ""กล้าธรรม"", ""votes"": 33}, {""number"": 5, ""name"": ""นายศิวะ พงศ์ธีระดุลย์"", ""party"": ""เพื่อไทย"", ""votes"": null}, {""number"": 6, ""name"": ""นายอภิเดช ประทุมแก้ว"", ""party"": ""ประชาชน"", ""votes"": 19}, {""number"": 7, ""name"": ""นายศรคม ชา"", ""party"": ""พลังประชารัฐ"", ""votes"": null}, {""number"": 8, ""name"": ""นายหนูเสน พรมวงศ์"", ""party"": ""ทางเลือกใหม่"", ""votes"": null}, {""number"": 10, ""name"": ""นายปิยชัย โชติมาวณิช"", ""party"": ""เศรษฐกิจ"", ""votes"": 10}, {""number"": 11, ""name"": ""นายจงเจริญ เอกทวีกุล"", ""party"": null, ""votes"": null}]"
เขตเลือกตั้งที่ 6\อำเภอบ้านแท่น\แบ่งเขต\ต.สระพัง-แบ่งเขต-หน่วยที่ 1-9.pdf,1,18,ชัยภูมิ,6,บ้านแท่น,สระพัง,1-9,แบ่งเขต,สส.5/18,แบ่งเขต,6,1,,าล,ขต,19,425,221,222,680,255,680,383,7,"[{""number"": 1, ""name"": ""นายเสถียรพงศ์ เที่ยงตรง"", ""party"": ""ประชาธิปัตย์"", ""votes"": 13}, {""number"": 2, ""name"": ""นายแทนยุทธพงษ์ วงษ์วัชรวานิช"", ""party"": ""ประชาชน"", ""votes"": null}, {""number"": 3, ""name"": ""นางสาวบัวพันธ์ ผ่อนจรุง"", ""party"": ""ประชาธิปไตยใหม่"", ""votes"": null}, {""number"": 4, ""name"": ""นายรุ่งโรจน์ ภูศักดิ์"", ""party"": ""รวมไทยสร้างชาติ"", ""votes"": null}, {""number"": 5, ""name"": ""นายเชวงศักดิ์ เร่งไพบูลย์วงษ์"", ""party"": ""ภูมิใจไทย"", ""votes"": 265}, {""number"": 6, ""name"": ""นางสาววิเมลือง แก้วศิริ"", ""party"": ""เพื่อไทย"", ""votes"": null}, {""number"": 7, ""name"": ""นายสากล มาชัยภูมิ"", ""party"": ""เศรษฐกิจ"", ""votes"": null}]"
เขตเลือกตั้งที่ 6\อำเภอบ้านแท่น\แบ่งเขต\ต.สระพัง-แบ่งเขต-หน่วยที่ 1-9.pdf,2,18,ชัยภูมิ,6,บ้านแท่น,สระพัง,1-9,แบ่งเขต,สส.5/18,,,,,,,,,,,,,,,0,[]
เขตเลือกตั้งที่ 6\อำเภอบ้านแท่น\แบ่งเขต\ต.สระพัง-แบ่งเขต-หน่วยที่ 1-9.pdf,3,18,ชัยภูมิ,6,บ้านแท่น,สระพัง,1-9,แบ่งเขต,สส.5/18,แบ่งเขต,6,,,วง,ขต,12,3,221,222,223,23,500,612,7,"[{""number"": 1, ""name"": ""นายเสถียรพงศ์ เที่ยงตรง"", ""party"": ""ประชาธิปัตย์"", ""votes"": null}, {""number"": 2, ""name"": ""นายแทนยุทธพงษ์ วงษ์วัชรวานิช"", ""party"": ""ประชาชน"", ""votes"": 28}, {""number"": 3, ""name"": ""นางสาวบัวพันธ์ ผ่อนจรุง"", ""party"": ""ประชาธิปไตยใหม่"", ""votes"": null}, {""number"": 4, ""name"": ""นายรุ่งโรจน์ ภูศักดิ์"", ""party"": ""รวมไทยสร้างชาติ"", ""votes"": null}, {""number"": 5, ""name"": ""นายเชวงศักดิ์ เร่งไพบูลย์วงษ์"", ""party"": ""ภูมิใจไทย"", ""votes"": 220}, {""number"": 6, ""name"": ""นางสาววิเมลือง แก้วศิริ"", ""party"": ""เพื่อไทย"", ""votes"": null}, {""number"": 7, ""name"": ""นายสากล มาชัยภูมิ"", ""party"": ""เศรษฐกิจ"", ""votes"": null}]"
เขตเลือกตั้งที่ 2\02-แบบ ส.ส. 5_17-แบ่งเขต-นอกเขต.pdf,1,16,ชัยภูมิ,2,,,,แบ่งเขต,สส.5/17,แบ่งเขต,2,,,,,,,,22,624,4,,7700,0,[]
เขตเลือกตั้งที่ 2\02-แบบ ส.ส. 5_17-แบ่งเขต-นอกเขต.pdf,2,16,ชัยภูมิ,2,,,,แบ่งเขต,สส.5/17,,,,,,,,,,,,,,,0,[]
เขตเลือกตั้งที่ 2\02-แบบ ส.ส. 5_17-แบ่งเขต-นอกเขต.pdf,3,16,ชัยภูมิ,2,,,,แบ่งเขต,สส.5/17,แบ่งเขต,2,,,,,,,,629,24,3,,623,4,"[{""number"": 3, ""name"": ""นายพิง"", ""party"": ""านท"", ""votes"": 1}, {""number"": 5, ""name"": ""นายทัสชัย"", ""party"": ""พาย"", ""votes"": 11279}, {""number"": 8, ""name"": ""นายทัศ พง ไทย"", ""party"": ""เศรษฐกิจ"", ""votes"": 9999}, {""number"": 23, ""name"": ""นายประเสริฐศักดิ์ หินตั้ง | ไทยการใหม่"", ""party"": null, ""votes"": null}]"
เขตเลือกตั้งที่ 6\06-แบบ ส.ส. 5_17-แบ่งเขต-นอกเขต.pdf,1,18,ชัยภูมิ,6,,,,แบ่งเขต,สส.5/17,บัญชีรายชื่อ,,,,าล,ขต,,99,360,,,,,,0,[]
เขตเลือกตั้งที่ 6\06-แบบ ส.ส. 5_17-แบ่งเขต-นอกเขต.pdf,2,18,ชัยภูมิ,6,,,,แบ่งเขต,สส.5/17,,,,,าล,ขต,,,,,,,,,0,[]
เขตเลือกตั้งที่ 6\06-แบบ ส.ส. 5_17-แบ่งเขต-นอกเขต.pdf,3,18,ชัยภูมิ,6,,,,แบ่งเขต,สส.5/17,แบ่งเขต,,,,,,,,,22,62,3,,629,4,"[{""number"": 1, ""name"": ""นายเสถียรมาก็ เตียงทรง ประชาธิปัตย์"", ""party"": null, ""votes"": null}, {""number"": 2, ""name"": ""นายนายทวาร ประชาช"", ""party"": null, ""votes"": 4}, {""number"": 3, ""name"": ""นายรุ่งโรจน์ ศักดิ์ รรมไทยสร้างชาติ"", ""party"": null, ""votes"": null}, {""number"": 4, ""name"": ""นายเชวงศักดิ์ ไร่ไพเราะ ภูมิใจไทย |"", ""party"": ""นารากา มา ท า จ"", ""votes"": 4}]"
เขตเลือกตั้งที่ 7\อำเภอคอนสวรรค์\ต.ยางหวาย-แบ่งเขต-หน่วยที่ 1-9.pdf,1,18,ชัยภูมิ,7,คอนสวรรค์,ยางหวาย,1-9,แบ่งเขต,สส.5/18,แบ่งเขต,7,10,496,หมู่ที่,ขต,,,440,222,9,2,9,2,11,"[{""number"": 1, ""name"": ""นายกิตติธัช คำวงษ์"", ""party"": ""ประชาชน"", ""votes"": null}, {""number"": 2, ""name"": ""นายชานนท์ ต่อสกุล"", ""party"": ""ภูมิใจไทย"", ""votes"": null}, {""number"": 3, ""name"": ""นายพลากร ภูมินอก"", ""party"": ""ประชาธิปัตย์"", ""votes"": null}, {""number"": 4, ""name"": ""นายอัครแสนคีรี โล่ห์วีระ"", ""party"": ""กล้าธรรม"", ""votes"": null}, {""number"": 5, ""name"": ""นางสาวปัญชลีย์ วัฒนชัยศาสตร์"", ""party"": ""พลังประชารัฐ"", ""votes"": null}, {""number"": 6, ""name"": ""นายจอมจักรภพ วัชระจินดาวัฒนะ"", ""party"": ""เพื่อไทย"", ""votes"": null}, {""number"": 7, ""name"": ""นายอดิเรก ดวงวันนี้"", ""party"": ""ประชาธิปไตยใหม่ ๆ"", ""votes"": null}, {""number"": 8, ""name"": ""นายธีรวุฒิ พงษ์จันทร์"", ""party"": ""ไทยก้าวใหม่"", ""votes"": null}, {""number"": 10, ""name"": ""นายกิติพร เศรษฐภูมิภักดี"", ""party"": ""รวมไทยสร้างชาติ"", ""votes"": null}, {""number"": 10, ""name"": ""นางสุชามนต์ เครือเครา"", ""party"": ""ไทยทรัพย์ทวี"", ""votes"": null}, {""number"": 11, ""name"": ""นางอรุณณี งามจิตสุวรรณ"", ""party"": null, ""votes"": null}]"
เขตเลือกตั้งที่ 7\อำเภอคอนสวรรค์\ต.ยางหวาย-แบ่งเขต-หน่วยที่ 1-9.pdf,2,18,ชัยภูมิ,7,คอนสวรรค์,ยางหวาย,1-9,แบ่งเขต,สส.5/18,,,,,,,,,,,,,,,0,[]
เขตเลือกตั้งที่ 7\อำเภอคอนสวรรค์\ต.ยางหวาย-แบ่งเขต-หน่วยที่ 1-9.pdf,3,18,ชัยภูมิ,7,คอนสวรรค์,ยางหวาย,1-9,แบ่งเขต,สส.5/18,แบ่งเขต,7,2,2,,ขต,50,352,221,222,223,23,480,314,11,"[{""number"": 1, ""name"": ""นายกิตติธัช คำวงษ์"", ""party"": ""ประชาชน"", ""votes"": 34}, {""number"": 2, ""name"": ""นายจอมจักรภพ วัชระจินดาวัฒนะ"", ""party"": ""เพื่อไทย"", ""votes"": 182}, {""number"": 3, ""name"": ""นายชานนท์ ต่อสกุล"", ""party"": ""ภูมิใจไทย"", ""votes"": null}, {""number"": 4, ""name"": ""นายอัครแสนคีรี โล่ห์วีระ"", ""party"": ""กล้าธรรม"", ""votes"": null}, {""number"": 5, ""name"": ""นางสาวปัญชลีย์ วัฒนชัยศาสตร์"", ""party"": null, ""votes"": null}, {""number"": 6, ""name"": ""นายธีรวุฒิ พงษ์จันทร์"", ""party"": ""ไทยก้าวใหม่"", ""votes"": null}, {""number"": 7, ""name"": ""นายพลากร ภูมินอก"", ""party"": ""ประชาธิปัตย์"", ""votes"": null}, {""number"": 9, ""name"": ""นายอดิเรก ดวงวันนี"", ""party"": ""ประชาธิปไตยใหม่"", ""votes"": null}, {""number"": 10, ""name"": ""นายกิติพร เศรษฐภูมิภักดี"", ""party"": ""รวมไทยสร้างชาติ 8 ( สาม"", ""votes"": null}, {""number"": 10, ""name"": ""นางสุชามนต์ เครือเครา"", ""party"": ""ไทยทรัพย์ทวี"", ""votes"": null}, {""number"": 11, ""name"": ""นางอรุณณี งามจิตสุวรรณ"", ""party"": ""เศรษฐกิจ"", ""votes"": null}]"
เขตเลือกตั้งที่ 7\อำเภอคอนสวรรค์\ต.ศรีสำราญ-แบ่งเขต-หน่วยที่ 1-10.pdf,1,20,ชัยภูมิ,7,คอนสวรรค์,ศรีสำราญ,1-10,แบ่งเขต,สส.5/18,แบ่งเขต,7,,,าล,ขต,33,49,221,222,223,23,320,778447,11,"[{""number"": 1, ""name"": ""นายกิตติธัช คำวงษ์"", ""party"": ""ประชาชน"", ""votes"": 29}, {""number"": 2, ""name"": ""นายกิติพร เศรษฐภูมิภักดี"", ""party"": ""รวมไทยสร้างชาติ"", ""votes"": null}, {""number"": 2, ""name"": ""นางสุชามนต์ เครือเครา"", ""party"": ""ประชาธิปไตยใหม่"", ""votes"": null}, {""number"": 3, ""name"": ""นายอัครแสนคีรี โล่ห์วีระ"", ""party"": ""ภูมิใจไทย"", ""votes"": null}, {""number"": 4, ""name"": ""นายชานนท์ ต่อสกุล"", ""party"": null, ""votes"": null}, {""number"": 4, ""name"": ""นายจอมจักรภพ วัชระจินดาวัฒนะ"", ""party"": ""เพื่อไทย"", ""votes"": null}, {""number"": 5, ""name"": ""นางสาวปัญชลีย์ วัฒนชัยศาสตร์"", ""party"": ""พลังประชารัฐ"", ""votes"": null}, {""number"": 7, ""name"": ""นายธีรวุฒิ พงษ์จันทร์"", ""party"": ""ประชาธิปัตย์"", ""votes"": null}, {""number"": 8, ""name"": ""นายพลากร ภูมินอก"", ""party"": null, ""votes"": null}, {""number"": 10, ""name"": ""นายอดิเรก ดวงวันนี"", ""party"": null, ""votes"": null}, {""number"": 11, ""name"": ""นางอรุณณี งามจิตสุวรรณ"", ""party"": null, ""votes"": null}]"
เขตเลือกตั้งที่ 7\อำเภอคอนสวรรค์\ต.ศรีสำราญ-แบ่งเขต-หน่วยที่ 1-10.pdf,2,20,ชัยภูมิ,7,คอนสวรรค์,ศรีสำราญ,1-10,แบ่งเขต,สส.5/18,,,,,,,,,,,,,,,0,[]
เขตเลือกตั้งที่ 5\อำเภอเกษตรสมบูรณ์\แบ่งเขต\ต.บ้านบัว-แบ่งเขต-หน่วยที่ 1-10.pdf,2,20,ชัยภูมิ,5,เกษตรสมบูรณ์,บ้านบัว,1-10,แบ่งเขต,สส.5/18,,,,,,,,,,,,,,,0,[]
เขตเลือกตั้งที่ 7\อำเภอแก้งคร้อ\ทต.นาหนองทุ่ม-แบ่งเขต-หน่วยที่ 1-18.pdf,1,36,ชัยภูมิ,7,แก้งคร้อ,นาหนองทุ่ม,1-18,แบ่งเขต,สส.5/18,แบ่งเขต,7,1,2,ปลาโภอ,,16,52,221,222,223,23,2,335,11,"[{""number"": 1, ""name"": ""นายกิตติธัช คำวงษ์"", ""party"": ""ประชาชน"", ""votes"": null}, {""number"": 2, ""name"": ""นายกิติพร เศรษฐภูมิภักดี"", ""party"": ""รวมไทยสร้างชาติ"", ""votes"": null}, {""number"": 2, ""name"": ""นายอดิเรก ดวงจันนี"", ""party"": null, ""votes"": null}, {""number"": 3, ""name"": ""นายชานนท์ ต่อสกุล"", ""party"": ""ภูมิใจไทย"", ""votes"": null}, {""number"": 4, ""name"": ""นายอัครแสนคีรี โล่ห์วีระ"", ""party"": ""กล้าธรรม"", ""votes"": null}, {""number"": 5, ""name"": ""นางสาวปัญชลีย์ วัฒนชัยศาสตร์"", ""party"": ""พลังประชารัฐ"", ""votes"": null}, {""number"": 6, ""name"": ""นายจอมจักรภพ วัชระจินดาวัฒนะ"", ""party"": ""เพื่อไทย"", ""votes"": 19}, {""number"": 7, ""name"": ""นายพลากร ภูมินอก"", ""party"": ""ประชาธิปัตย์"", ""votes"": null}, {""number"": 8, ""name"": ""นายธีรวุฒิ พงษ์จันทร์"", ""party"": ""ไทยก้าวใหม่"", ""votes"": null}, {""number"": 10, ""name"": ""นางสุชามนต์ เครือเครา"", ""party"": ""ประชาธิปไตยใหม่"", ""votes"": 4}, {""number"": 11, ""name"": ""นางอรุณณี งามจิตสุวรรณ"", ""party"": null, ""votes"": null}]"
เขตเลือกตั้งที่ 7\อำเภอแก้งคร้อ\ทต.นาหนองทุ่ม-แบ่งเขต-หน่วยที่ 1-18.pdf,2,36,ชัยภูมิ,7,แก้งคร้อ,นาหนองทุ่ม,1-18,แบ่งเขต,สส.5/18,,,,,,,,,,,,,,,0,[]
เขตเลือกตั้งที่ 7\อำเภอแก้งคร้อ\ทต.นาหนองทุ่ม-แบ่งเขต-หน่วยที่ 1-18.pdf,3,36,ชัยภูมิ,7,แก้งคร้อ,นาหนองทุ่ม,1-18,แบ่งเขต,สส.5/18,แบ่งเขต,7,2,,วง,,12,53,221,222,223,23,358,512,11,"[{""number"": 1, ""name"": ""นายกิตติธัช คำวงษ์"", ""party"": null, ""votes"": null}, {""number"": 2, ""name"": ""นายอดิเรก ดวงจันนี"", ""party"": ""ประชาธิปไตยใหม่"", ""votes"": null}, {""number"": 3, ""name"": ""นายชานนท์ ต่อสกุล"", ""party"": ""ภูมิใจไทย"", ""votes"": 920}, {""number"": 4, ""name"": ""นายอัครแสนคีรี โล่ห์วีระ"", ""party"": ""กล้าธรรม"", ""votes"": 159}, {""number"": 4, ""name"": ""นายจอมจักรภพ วัชระจินดาวัฒนะ"", ""party"": ""เพื่อไทย"", ""votes"": null}, {""number"": 5, ""name"": ""นางสาวปัญชลีย์ วัฒนชัยศาสตร์"", ""party"": ""พลังประชารัฐ"", ""votes"": 700}, {""number"": 6, ""name"": ""นางอรุณณี งามจิตสุวรรณ"", ""party"": ""เศรษฐกิจ"", ""votes"": null}, {""number"": 7, ""name"": ""นายพลากร ภูมินอก"", ""party"": ""ประชาธิปัตย์"", ""votes"": null}, {""number"": 8, ""name"": ""นายธีรวุฒิ พงษ์จันทร์"", ""party"": ""ไทยก้าวใหม่"", ""votes"": null}, {""number"": 10, ""name"": ""นายกิติพร เศรษฐภูมิภักดี"", ""party"": ""ประชาชน"", ""votes"": 4}, {""number"": 10, ""name"": ""นางสุชามนต์ เครือเครา"", ""party"": ""ไทยทรัพย์ทวี"", ""votes"": null}]"
เขตเลือกตั้งที่ 1\อำเภอเมืองชัยภูมิ\หนองนาแซง-001-แบ่งเขต0001.pdf,2,28,ชัยภูมิ,1,เมืองชัยภูมิ,หนองนาแซง,001,แบ่งเขต,สส.5/18,,,,,,,,,,,,,,,0,[]
เขตเลือกตั้งที่ 6\อำเภอภูเขียว\แบ่งเขต\โอโล-แบ่งเขต-หน่วยที่ 1-15.pdf,1,29,ชัยภูมิ,6,ภูเขียว,,1-15,แบ่งเขต,สส.5/18,แบ่งเขต,,1,1,โลโก,ขต,41,12,221,222,460,23,7,200,7,"[{""number"": 1, ""name"": ""นายเสถียรพงศ์ เที่ยงตรง"", ""party"": ""ประชาธิปัตย์"", ""votes"": null}, {""number"": 2, ""name"": ""นายแทนยุทธพงษ์ วงษ์วัชรวานิช"", ""party"": ""ประชาชน"", ""votes"": null}, {""number"": 3, ""name"": ""นางสาวบัวพันธ์ ผ่อนจรุง"", ""party"": ""ประชาธิปไตยใหม่"", ""votes"": null}, {""number"": 4, ""name"": ""นายรุ่งโรจน์ ภูศักดิ์"", ""party"": null, ""votes"": null}, {""number"": 5, ""name"": ""นายเชวงศักดิ์ เร่งไพบูลย์วงษ์"", ""party"": null, ""votes"": null}, {""number"": 6, ""name"": ""นางสาววิเมลือง แก้วศิริ"", ""party"": ""รวมไทยสร้างชาติ 4"", ""votes"": null}, {""number"": 7, ""name"": ""นายสากล มาชัยภูมิ"", ""party"": null, ""votes"": null}]"
เขตเลือกตั้งที่ 6\อำเภอภูเขียว\แบ่งเขต\โอโล-แบ่งเขต-หน่วยที่ 1-15.pdf,2,29,ชัยภูมิ,6,ภูเขียว,,1-15,แบ่งเขต,สส.5/18,,,,,,,,,,,,,,,0,[]
เขตเลือกตั้งที่ 6\อำเภอภูเขียว\แบ่งเขต\โอโล-แบ่งเขต-หน่วยที่ 1-15.pdf,3,29,ชัยภูมิ,6,ภูเขียว,,1-15,แบ่งเขต,สส.5/18,แบ่งเขต,5,2,2,าล,ขต,240,1,221,222,300,9,300,189,7,"[{""number"": 1, ""name"": ""นางสาววิเมลือง แก้วศิริ"", ""party"": ""เพื่อไทย"", ""votes"": null}, {""number"": 2, ""name"": ""นายแทนยุทธพงษ์ วงษ์วัชรวานิช"", ""party"": ""ประชาชน"", ""votes"": null}, {""number"": 3, ""name"": ""นายสากล มาชัยภูมิ"", ""party"": ""เศรษฐกิจ"", ""votes"": null}, {""number"": 4, ""name"": ""นายรุ่งโรจน์ ภูศักดิ์"", ""party"": ""รวมไทยสร้างชาติ 1"", ""votes"": null}, {""number"": 5, ""name"": ""นายเชวงศักดิ์ เร่งไพบูลย์วงษ์"", ""party"": ""ภูมิใจไทย"", ""votes"": null}, {""number"": 9, ""name"": ""นายเสถียรพงศ์ เที่ยงตรง"", ""party"": ""ประชาธิปัตย์"", ""votes"": null}, {""number"": 22, ""name"": ""นางสาวบัวพันธ์ ผ่อนจริง"", ""party"": ""ประชาธิปไตยใหม่ 0"", ""votes"": null}]"
เขตเลือกตั้งที่ 5\อำเภอคอนสาร\แบ่งเขต\ทุ่งพระ-แบ่งเขต-หน่วยที่ 1-10.pdf,2,20,ชัยภูมิ,5,คอนสาร,,1-10,แบ่งเขต,สส.5/18,,,,,,,,,,,,,,,0,[]
เขตเลือกตั้งที่ 5\อำเภอคอนสาร\แบ่งเขต\ทุ่งนาเลา-แบ่งเขต-หน่วยที่ 1-11.pdf,1,22,ชัยภูมิ,5,คอนสาร,,1-11,แบ่งเขต,สส.5/18,แบ่งเขต,5,,,ทุ่ง,,43,43,480,480,223,23,3,461,11,"[{""number"": 1, ""name"": ""นายชยนนท์ คำเบ้า"", ""party"": ""ประชาธิปัตย์"", ""votes"": null}, {""number"": 2, ""name"": ""นายวิชัย ปัญญา"", ""party"": ""ไทยทรัพย์ทวี"", ""votes"": null}, {""number"": 3, ""name"": ""นายธนกฤต"", ""party"": ""จรรย์โกมล"", ""votes"": 124}, {""number"": 3, ""name"": ""ส.อ.นิติภัส สุภาพงษ์นันทกุล | รวมไทยสร้างชาติ"", ""party"": null, ""votes"": null}, {""number"": 3, ""name"": ""นายศรคม ชา"", ""party"": ""พลังประชารัฐ"", ""votes"": null}, {""number"": 4, ""name"": ""นายสุขสันต์ ชื่นจิตร"", ""party"": ""กล้าธรรม"", ""votes"": null}, {""number"": 5, ""name"": ""นายศิวะ พงศ์ธีระดุลย์"", ""party"": ""เพื่อไทย"", ""votes"": 208}, {""number"": 6, ""name"": ""นายอภิเดช ประทุมแก้ว"", ""party"": ""ประชาชน"", ""votes"": null}, {""number"": 8, ""name"": ""นายหนูเสน พรมวงศ์"", ""party"": ""ทางเลือกใหม่"", ""votes"": null}, {""number"": 10, ""name"": ""นายปิยชัย โชติมาวณิช"", ""party"": ""เศรษฐกิจ"", ""votes"": null}, {""number"": 11, ""name"": ""นายจงเจริญ เอกทวีกุล"", ""party"": ""ประชากรไทย"", ""votes"": null}]"
เขตเลือกตั้งที่ 5\อำเภอคอนสาร\แบ่งเขต\ทุ่งนาเลา-แบ่งเขต-หน่วยที่ 1-11.pdf,2,22,ชัยภูมิ,5,คอนสาร,,1-11,แบ่งเขต,สส.5/18,,,,,,,,,,,,,,,0,[]
เขตเลือกตั้งที่ 5\อำเภอคอนสาร\แบ่งเขต\ทุ่งนาเลา-แบ่งเขต-หน่วยที่ 1-11.pdf,3,22,ชัยภูมิ,5,คอนสาร,,1-11,แบ่งเขต,สส.5/18,แบ่งเขต,5,2,2,าล,ขต,281,281,221,222,223,23,420,6000,10,"[{""number"": 1, ""name"": ""นายชยนนท์ คำเบ้า"", ""party"": ""ประชาธิปัตย์"", ""votes"": null}, {""number"": 2, ""name"": ""นายธนกฤต"", ""party"": ""จรรย์โกมล"", ""votes"": null}, {""number"": 3, ""name"": ""ส.อ.นิติภัส สุภาพงษ์นันทกุล"", ""party"": ""ภูมิใจไทย"", ""votes"": null}, {""number"": 4, ""name"": ""นายสุขสันต์ ชื่นจิตร"", ""party"": ""ทดส่งนก"", ""votes"": null}, {""number"": 5, ""name"": ""นายศิวะ พงศ์ธีระดุลย์"", ""party"": ""เพื่อไทย"", ""votes"": 24}, {""number"": 6, ""name"": ""นายวิชัย ปัญญา"", ""party"": ""ไทยทรัพย์ทวี"", ""votes"": null}, {""number"": 7, ""name"": ""นายศรคม ชา"", ""party"": ""พลังประชารัฐ"", ""votes"": null}, {""number"": 8, ""name"": ""นายหนูเสน พรมวงศ์"", ""party"": ""ทางเลือกใหม่"", ""votes"": null}, {""number"": 10, ""name"": ""นายปิยชัย โชติมาวณิช"", ""party"": ""เศรษฐกิจ"", ""votes"": null}, {""number"": 11, ""name"": ""นายจงเจริญ เอกทวีกุล"", ""party"": null, ""votes"": null}]"
เขตเลือกตั้งที่ 7\อำเภอแก้งคร้อ\ต.บ้านแก้ง-แบ่งเขต-หน่วยที่ 1-15.pdf,1,30,ชัยภูมิ,7,แก้งคร้อ,บ้านแก้ง,1-15,แบ่งเขต,สส.5/18,แบ่งเขต,7,,,าล,และ,64,372,221,580,223,22,222,375,11,"[{""number"": 1, ""name"": ""นายกิตติธัช คำวงษ์"", ""party"": ""ประชาชน"", ""votes"": null}, {""number"": 1, ""name"": ""นายชานนท์ ต่อสกุล"", ""party"": ""ภูมิใจไทย"", ""votes"": null}, {""number"": 2, ""name"": ""นายกิติพร เศรษฐภูมิภักดี"", ""party"": ""รวมไทยสร้างชาติ"", ""votes"": null}, {""number"": 3, ""name"": ""นายจอมจักรภพ วัชระจินดาวัฒนะ"", ""party"": ""เพื่อไทย"", ""votes"": 143}, {""number"": 4, ""name"": ""นายอัครแสนคีรี โล่ห์วีระ"", ""party"": ""กล้าธรรม"", ""votes"": 150}, {""number"": 5, ""name"": ""นางสาวปัญชลีย์ วัฒนชัยศาสตร์"", ""party"": ""พลังประชารัฐ"", ""votes"": null}, {""number"": 7, ""name"": ""นายพลากร ภูมินอก"", ""party"": ""ประชาธิปัตย์"", ""votes"": null}, {""number"": 8, ""name"": ""นายธีรวุฒิ พงษ์จันทร์"", ""party"": ""ไทยก้าวใหม่"", ""votes"": 5500}, {""number"": 9, ""name"": ""นายอดิเรก ดวงวันนี"", ""party"": ""ประชาธิปไตยใหม่"", ""votes"": 199}, {""number"": 10, ""name"": ""นางสุชามนต์ เครือเครา"", ""party"": ""ไทยทรัพย์ทวี"", ""votes"": null}, {""number"": 11, ""name"": ""นางอรุณณี งามจิตสุวรรณ"", ""party"": null, ""votes"": null}]"
เขตเลือกตั้งที่ 7\อำเภอแก้งคร้อ\ต.บ้านแก้ง-แบ่งเขต-หน่วยที่ 1-15.pdf,2,30,ชัยภูมิ,7,แก้งคร้อ,บ้านแก้ง,1-15,แบ่งเขต,สส.5/18,,,,,,,,,,,,,,,0,[]
เขตเลือกตั้งที่ 7\อำเภอแก้งคร้อ\ต.บ้านแก้ง-แบ่งเขต-หน่วยที่ 1-15.pdf,3,30,ชัยภูมิ,7,แก้งคร้อ,บ้านแก้ง,1-15,แบ่งเขต,สส.5/18,แบ่งเขต,7,2,2,บ้านใจ,แต,45,19,840,222,223,23,49,193,11,"[{""number"": 1, ""name"": ""นายกิตติธัช คำวงษ์"", ""party"": ""ประชาชน"", ""votes"": null}, {""number"": 2, ""name"": ""นายกิติพร เศรษฐภูมิภักดี"", ""party"": ""รวมไทยสร้างชาติ"", ""votes"": null}, {""number"": 2, ""name"": ""นายอัครแสนคีรี โล่ห์วีระ"", ""party"": ""กล้าธรรม"", ""votes"": 14}, {""number"": 2, ""name"": ""นายจอมจักรภพ วัชระจินดาวัฒนะ"", ""party"": ""เพื่อไทย"", ""votes"": null}, {""number"": 3, ""name"": ""นายพลากร ภูมินอก"", ""party"": ""ประชาธิปัตย์"", ""votes"": null}, {""number"": 4, ""name"": ""นายชานนท์ ต่อสกุล"", ""party"": ""ภูมิใจไทย"", ""votes"": null}, {""number"": 5, ""name"": ""นางสาวปัญชลีย์ วัฒนชัยศาสตร์"", ""party"": ""พลังประชารัฐ"", ""votes"": null}, {""number"": 8, ""name"": ""นายธีรวุฒิ พงษ์จันทร์"", ""party"": ""ไทยก้าวใหม่"", ""votes"": null}, {""number"": 9, ""name"": ""นายอดิเรก ดวงวันนี"", ""party"": ""ประชาธิปไตยใหม่"", ""votes"": null}, {""number"": 10, ""name"": ""นางสุชามนต์ เครือเครา"", ""party"": ""ไทยทรัพย์ทวี"", ""votes"": null}, {""number"": 11, ""name"": ""นางอรุณณี งามจิตสุวรรณ"", ""party"": null, ""votes"": null}]"
เขตเลือกตั้งที่ 7\อำเภอแก้งคร้อ\ทต.ช่องสามหมอ ทต.หนองไผ่-แบ่งเขต-หน่วยที่ 1-15.pdf,1,30,ชัยภูมิ,7,แก้งคร้อ,ช่องสามหมอ ทต.หนองไผ่,1-15,แบ่งเขต,สส.5/18,แบ่งเขต,7,,,,แก้งคร้อ,8,300,221,460,223,23,160,281,11,"[{""number"": 1, ""name"": ""นายกิตติธัช คำวงษ์"", ""party"": ""ประชาชน 54"", ""votes"": null}, {""number"": 2, ""name"": ""นายกิติพร เศรษฐภูมิภักดี"", ""party"": ""รวมไทยสร้างชาติ"", ""votes"": null}, {""number"": 3, ""name"": ""นายชานนท์ ต่อสกุล"", ""party"": ""ภูมิใจไทย"", ""votes"": null}, {""number"": 4, ""name"": ""นายอัครแสนคีรี โล่ห์วีระ"", ""party"": ""กลาธรรม"", ""votes"": 1}, {""number"": 4, ""name"": ""นายธีรวุฒิ พงษ์จันทร์"", ""party"": ""ไทยก้าวใหม่"", ""votes"": null}, {""number"": 5, ""name"": ""นางสาวปัญชลีย์ วัฒนชัยศาสตร์"", ""party"": ""พลังประชารัฐ"", ""votes"": null}, {""number"": 7, ""name"": ""นายพลากร ภูมินอก"", ""party"": ""ประชาธิปัตย์"", ""votes"": null}, {""number"": 8, ""name"": ""นายจอมจักรภพ วัชระจินดาวัฒนะ"", ""party"": ""เพื่อไทย"", ""votes"": 50}, {""number"": 9, ""name"": ""นายอดิเรก ดวงจันนี"", ""party"": ""ประชาธิปไตยใหม่"", ""votes"": null}, {""number"": 10, ""name"": ""นางสุชามนต์ เครือเครา"", ""party"": ""ไทยทรัพย์ทวี"", ""votes"": null}, {""number"": 11, ""name"": ""นางอรุณณี งามจิตสุวรรณ"", ""party"": null, ""votes"": null}]"
เขตเลือกตั้งที่ 7\อำเภอแก้งคร้อ\ทต.ช่องสามหมอ ทต.หนองไผ่-แบ่งเขต-หน่วยที่ 1-15.pdf,2,30,ชัยภูมิ,7,แก้งคร้อ,ช่องสามหมอ ทต.หนองไผ่,1-15,แบ่งเขต,สส.5/18,,,,,,,,,,,,,,,0,[]
เขตเลือกตั้งที่ 7\อำเภอแก้งคร้อ\ทต.ช่องสามหมอ ทต.หนองไผ่-แบ่งเขต-หน่วยที่ 1-15.pdf,3,30,ชัยภูมิ,7,แก้งคร้อ,ช่องสามหมอ ทต.หนองไผ่,1-15,แบ่งเขต,สส.5/18,แบ่งเขต,7,2,4,ลฯ,แลงดอ,546,255,221,222,223,23,540,24,11,"[{""number"": 1, ""name"": ""นายกิตติธัช คำวงษ์"", ""party"": ""ประชาชน"", ""votes"": null}, {""number"": 2, ""name"": ""นายกิติพร เศรษฐภูมิภักดี"", ""party"": ""รวมไทยสร้างชาติ"", ""votes"": null}, {""number"": 3, ""name"": ""นายชานนท์ ต่อสกุล"", ""party"": ""ภูมิใจไทย"", ""votes"": null}, {""number"": 4, ""name"": ""นายอัครแสนคีรี โล่ห์วีระ"", ""party"": ""กล้าธรรม"", ""votes"": 143}, {""number"": 5, ""name"": ""นางสาวปัญชลีย์ วัฒนชัยศาสตร์"", ""party"": ""พลังประชารัฐ"", ""votes"": 4}, {""number"": 6, ""name"": ""นายจอมจักรภพ วัชระจินดาวัฒนะ"", ""party"": ""เพื่อไทย"", ""votes"": null}, {""number"": 7, ""name"": ""นายพลากร ภูมินอก"", ""party"": ""ประชาธิปัตย์"", ""votes"": null}, {""number"": 9, ""name"": ""นายอดิเรก ดวงวันนี้"", ""party"": ""ประชาธิปไตยใหม่"", ""votes"": null}, {""number"": 10, ""name"": ""นางสุชามนต์ เครือเครา"", ""party"": ""ไทยทรัพย์ทวี"", ""votes"": null}, {""number"": 11, ""name"": ""นางอรุณณี งามจิตสุวรรณ"", ""party"": null, ""votes"": null}, {""number"": 27, ""name"": ""นายธีรวุฒิ พงษ์จันทร์"", ""party"": ""ไทยก้าวใหม่"", ""votes"": null}]"
เขตเลือกตั้งที่ 7\อำเภอคอนสวรรค์\ต.ห้วยไร่-แบ่งเขต-หน่วยที่ 1-14.pdf,1,28,ชัยภูมิ,7,คอนสวรรค์,ห้วยไร่,1-14,แบ่งเขต,สส.5/18,แบ่งเขต,7,1,1,ด้วยไร่,ขต,298,216,221,222,300,3,,209,10,"[{""number"": 1, ""name"": ""นายกิตติธัช คำวงษ์"", ""party"": ""ประชาชน"", ""votes"": null}, {""number"": 2, ""name"": ""นายกิติพร เศรษฐภูมิภักดี"", ""party"": ""รวมไทยสร้างชาติ"", ""votes"": null}, {""number"": 3, ""name"": ""นายชานนท์ ต่อสกุล"", ""party"": ""ภูมิใจไทย"", ""votes"": null}, {""number"": 4, ""name"": ""นายอัครแสนคีรี โล่ห์วีระ"", ""party"": ""กล้าธรรม"", ""votes"": null}, {""number"": 5, ""name"": ""นางสาวปัญชลีย์ วัฒนชัยศาสตร์"", ""party"": ""พลังประชารัฐ"", ""votes"": null}, {""number"": 6, ""name"": ""นายจอมจักรภพ วัชระจินดาวัฒนะ"", ""party"": ""เพื่อไทย"", ""votes"": null}, {""number"": 7, ""name"": ""นายอดิเรก ดวงจันนี"", ""party"": ""ประชาธิปไตยใหม่"", ""votes"": 1}, {""number"": 8, ""name"": ""นายธีรวุฒิ พงษ์จันทร์"", ""party"": ""ไทยก้าวใหม่"", ""votes"": null}, {""number"": 10, ""name"": ""นางสุชามนต์ เครือเครา"", ""party"": ""ไทยทรัพย์ทวี"", ""votes"": null}, {""number"": 11, ""name"": ""นางอรุณณี งามจิตสุวรรณ"", ""party"": null, ""votes"": null}]"
เขตเลือกตั้งที่ 7\อำเภอคอนสวรรค์\ต.ห้วยไร่-แบ่งเขต-หน่วยที่ 1-14.pdf,2,28,ชัยภูมิ,7,คอนสวรรค์,ห้วยไร่,1-14,แบ่งเขต,สส.5/18,,,,,,,,,,,,,,,0,[]
เขตเลือกตั้งที่ 7\อำเภอคอนสวรรค์\ต.ห้วยไร่-แบ่งเขต-หน่วยที่ 1-14.pdf,3,28,ชัยภูมิ,7,คอนสวรรค์,ห้วยไร่,1-14,แบ่งเขต,สส.5/18,แบ่งเขต,7,2,,ห้วยไร่,,494,,221,222,223,23,480,377,11,"[{""number"": 1, ""name"": ""นายกิตติธัช คำวงษ์"", ""party"": ""ประชาชน"", ""votes"": null}, {""number"": 1, ""name"": ""นายธีรวุฒิ พงษ์จันทร์"", ""party"": ""ไทยก้าวใหม่"", ""votes"": null}, {""number"": 2, ""name"": ""นายกิติพร เศรษฐภูมิภักดี"", ""party"": ""รวมไทยสร้างชาติ"", ""votes"": null}, {""number"": 2, ""name"": ""นายอดิเรก ดวงจันนี"", ""party"": ""ประชาธิปไตยใหม่ 2"", ""votes"": null}, {""number"": 3, ""name"": ""นายชานนท์ ต่อสกุล"", ""party"": ""ภูมิใจไทย"", ""votes"": null}, {""number"": 4, ""name"": ""นายอัครแสนคีรี โล่ห์วีระ"", ""party"": ""กล้าธรรม"", ""votes"": 251}, {""number"": 5, ""name"": ""นางสาวปัญชลีย์ วัฒนชัยศาสตร์"", ""party"": ""พลังประชารัฐ"", ""votes"": null}, {""number"": 6, ""name"": ""นายพลากร ภูมินอก"", ""party"": ""เพื่อไทย"", ""votes"": 79}, {""number"": 7, ""name"": ""นายจอมจักรภพ วัชระจินดาวัฒนะ"", ""party"": null, ""votes"": null}, {""number"": 10, ""name"": ""นางสุชามนต์ เครือเครา"", ""party"": ""ไทยทรัพย์ทวี"", ""votes"": null}, {""number"": 11, ""name"": ""นางอรุณณี งามจิตสุวรรณ"", ""party"": null, ""votes"": null}]"
เขตเลือกตั้งที่ 7\อำเภอแก้งคร้อ\ต.โคกกุง-แบ่งเขต-หน่วยที่ 1-16.pdf,1,32,ชัยภูมิ,7,แก้งคร้อ,โคกกุง,1-16,แบ่งเขต,สส.5/18,แบ่งเขต,7,,,าล,ขต,5,24,221,222,223,23,20,,11,"[{""number"": 1, ""name"": ""นายกิตติธัช คำวงษ์"", ""party"": ""ประชาชน"", ""votes"": 400}, {""number"": 1, ""name"": ""นายจอมจักรภพ วัชระจินดาวัฒนะ"", ""party"": ""เพื่อไทย"", ""votes"": 91950}, {""number"": 2, ""name"": ""นายกิติพร เศรษฐภูมิภักดี"", ""party"": ""รวมไทยสร้างชาติ"", ""votes"": 1955}, {""number"": 3, ""name"": ""นายชานนท์ ต่อสกุล"", ""party"": ""ภูมิใจไทย"", ""votes"": null}, {""number"": 4, ""name"": ""นายอัครแสนคีรี โล่ห์วีระ"", ""party"": ""กล้าธรรม"", ""votes"": 215}, {""number"": 5, ""name"": ""นางสาวปัญชลีย์ วัฒนชัยศาสตร์"", ""party"": ""พลังประชารัฐ"", ""votes"": null}, {""number"": 6, ""name"": ""นายอดิเรก ดวงวันนี้"", ""party"": ""ประชาธิปไตยใหม่"", ""votes"": null}, {""number"": 7, ""name"": ""นายพลากร ภูมินอก"", ""party"": ""ประชาธิปัตย์"", ""votes"": 592}, {""number"": 8, ""name"": ""นายธีรวุฒิ พงษ์จันทร์"", ""party"": ""ไทยก้าวใหม่"", ""votes"": null}, {""number"": 10, ""name"": ""นางสุชามนต์ เครือเครา"", ""party"": ""ไทยทรัพย์ทวี"", ""votes"": null}, {""number"": 11, ""name"": ""นางอรุณณี งามจิตสุวรรณ"", ""party"": ""เศรษฐกิจ"", ""votes"": 910}]"
เขตเลือกตั้งที่ 7\อำเภอแก้งคร้อ\ต.โคกกุง-แบ่งเขต-หน่วยที่ 1-16.pdf,2,32,ชัยภูมิ,7,แก้งคร้อ,โคกกุง,1-16,แบ่งเขต,สส.5/18,,,,,,,,,,,,,,,0,[]
เขตเลือกตั้งที่ 7\อำเภอแก้งคร้อ\ต.โคกกุง-แบ่งเขต-หน่วยที่ 1-16.pdf,3,32,ชัยภูมิ,7,แก้งคร้อ,โคกกุง,1-16,แบ่งเขต,สส.5/18,แบ่งเขต,7,2,2,ในกรุง,,6,41,221,222,223,23,444,379,11,"[{""number"": 1, ""name"": ""นายกิตติธัช คำวงษ์"", ""party"": ""ประชาชน"", ""votes"": null}, {""number"": 2, ""name"": ""นายกิติพร เศรษฐภูมิภักดี"", ""party"": ""รวมไทยสร้างชาติ"", ""votes"": null}, {""number"": 2, ""name"": ""นายจอมจักรภพ วัชระจินดาวัฒนะ"", ""party"": ""เพื่อไทย"", ""votes"": 164}, {""number"": 3, ""name"": ""นายชานนท์ ต่อสกุล"", ""party"": ""ภูมิใจไทย"", ""votes"": null}, {""number"": 4, ""name"": ""นายอัครแสนคีรี โล่ห์วีระ"", ""party"": ""กล้าธรรม"", ""votes"": 156}, {""number"": 5, ""name"": ""นางสาวปัญชลีย์ วัฒนชัยศาสตร์"", ""party"": ""พลังประชารัฐ"", ""votes"": null}, {""number"": 6, ""name"": ""นายธีรวุฒิ พงษ์จันทร์"", ""party"": ""ไทยก้าวใหม่"", ""votes"": null}, {""number"": 7, ""name"": ""นายพลากร ภูมินอก"", ""party"": ""ประชาธิปัตย์"", ""votes"": null}, {""number"": 9, ""name"": ""นายอดิเรก ดวงจันนี้"", ""party"": ""ประชาธิปไตยใหม่"", ""votes"": null}, {""number"": 10, ""name"": ""นางสุชามนต์ เครือเครา"", ""party"": ""ไทยทรัพย์ทวี"", ""votes"": null}, {""number"": 11, ""name"": ""นางอรุณณี งามจิตสุวรรณ"", ""party"": ""เศรษฐกิจ"", ""votes"": null}]"
เขตเลือกตั้งที่ 5\05-แบบ ส.ส. 5_17-แบ่งเขต-นอกเขต.pdf,1,14,ชัยภูมิ,5,,,,แบ่งเขต,สส.5/17,แบ่งเขต,5,,,,,,,,22,23,64,,647,6,"[{""number"": 1, ""name"": ""นายมนนท์ ทำหน้า"", ""party"": ""ประชาสมาส"", ""votes"": null}, {""number"": 2, ""name"": ""นายสน กฤ"", ""party"": ""จากมล ไทย"", ""votes"": null}, {""number"": 6, ""name"": ""นายอภิเดช ประทุมแก้ว"", ""party"": ""ประสาน"", ""votes"": 114}, {""number"": 7, ""name"": ""นายชาม"", ""party"": ""ดารา"", ""votes"": 509}, {""number"": 9, ""name"": ""นายวิชัย"", ""party"": ""ปัญญา"", ""votes"": null}, {""number"": 11, ""name"": ""นายจงเจริญ เทวกุล ประย"", ""party"": null, ""votes"": null}]"
เขตเลือกตั้งที่ 5\05-แบบ ส.ส. 5_17-แบ่งเขต-นอกเขต.pdf,2,14,ชัยภูมิ,5,,,,แบ่งเขต,สส.5/17,,,,,,,,,,,,,,,0,[]
เขตเลือกตั้งที่ 5\05-แบบ ส.ส. 5_17-แบ่งเขต-นอกเขต.pdf,3,14,ชัยภูมิ,5,,,,แบ่งเขต,สส.5/17,แบ่งเขต,2,,,,,,,,22,632,39,,632,11,"[{""number"": 1, ""name"": ""นายชยนนท์ คำเบ้า ประทาปัตย์"", ""party"": null, ""votes"": null}, {""number"": 2, ""name"": ""นายอินทุก ๆ จายโกมล ภูมิใจไทย"", ""party"": null, ""votes"": 10}, {""number"": 3, ""name"": ""ส.อ.นิกส"", ""party"": null, ""votes"": null}, {""number"": 4, ""name"": ""นายสุขสันต์ ชื่นจิตร กรม"", ""party"": null, ""votes"": null}, {""number"": 5, ""name"": ""นายส่วน พงศ์ธร ดุลย์ เพื่อไทย"", ""party"": null, ""votes"": null}, {""number"": 6, ""name"": ""นายอภิเดช ประทุมแก้ว ปุณ ชน"", ""party"": null, ""votes"": null}, {""number"": 7, ""name"": ""นายฟรกม"", ""party"": null, ""votes"": null}, {""number"": 8, ""name"": ""นายตนเฮน"", ""party"": ""ได้คะแนน"", ""votes"": 1}, {""number"": 9, ""name"": ""นายนิยาย โทรมาวาส เศรษ"", ""party"": null, ""votes"": null}, {""number"": 10, ""name"": ""นายจงเจริญ เอก ประกาย"", ""party"": null, ""votes"": null}, {""number"": 12, ""name"": ""นายชัย ปัญญา"", ""party"": null, ""votes"": null}]"
เขตเลือกตั้งที่ 4\อำเภอหนองบัวแดง\แบ่งเขต\ทต.หลวงศิริ-แบ่งเขต-หน่วยที่ 1-14.pdf,1,28,ชัยภูมิ,4,หนองบัวแดง,หลวงศิริ,1-14,แบ่งเขต,สส.5/18,แบ่งเขต,4,1,4,าล,,9,48,221,222,223,23,22,378,8,"[{""number"": 1, ""name"": ""นายชาติชาย อาจสนาม"", ""party"": null, ""votes"": null}, {""number"": 2, ""name"": ""นายวรฉัตร พงศ์ธีระดุลย์"", ""party"": ""สังกัด"", ""votes"": null}, {""number"": 3, ""name"": ""นางสาวน้ำฝน หอมชาลี"", ""party"": null, ""votes"": null}, {""number"": 4, ""name"": ""นายสิทธิพล ภูธรณ์"", ""party"": null, ""votes"": null}, {""number"": 5, ""name"": ""นางสาวสุชาดา ซาง แทนทรัพย์"", ""party"": ""ภูมิใจไทย"", ""votes"": 280}, {""number"": 6, ""name"": ""นายณรงค์ฤทธิ์ มอบสันเทียะ"", ""party"": ""ประชาชน"", ""votes"": 21}, {""number"": 7, ""name"": ""นางสาวนงค์คราญ ฤชาญ"", ""party"": ""ประชาธิปไตยใหม่"", ""votes"": null}, {""number"": 8, ""name"": ""นางสาวกาญจนา จังหวะ"", ""party"": ""กล้าธรรม 43"", ""votes"": 230}]"
เขตเลือกตั้งที่ 4\อำเภอหนองบัวแดง\แบ่งเขต\ทต.หลวงศิริ-แบ่งเขต-หน่วยที่ 1-14.pdf,2,28,ชัยภูมิ,4,หนองบัวแดง,หลวงศิริ,1-14,แบ่งเขต,สส.5/18,,,,,,,,,,,,,,,0,[]
เขตเลือกตั้งที่ 4\อำเภอหนองบัวแดง\แบ่งเขต\ทต.หลวงศิริ-แบ่งเขต-หน่วยที่ 1-14.pdf,3,28,ชัยภูมิ,4,หนองบัวแดง,หลวงศิริ,1-14,แบ่งเขต,สส.5/18,แบ่งเขต,,2,4,าล,หนองหล,45,24,221,222,223,23,20,242,8,"[{""number"": 1, ""name"": ""นายวรฉัตร พงศ์ธีระดุลย์"", ""party"": ""เพื่อไทย"", ""votes"": null}, {""number"": 1, ""name"": ""นายณรงค์ฤทธิ์ มอบสันเทียะ รวมไทยสร้างชาติ"", ""party"": null, ""votes"": null}, {""number"": 2, ""name"": ""นายสิทธิพล ภูธรณ์"", ""party"": ""ประชาชน"", ""votes"": null}, {""number"": 3, ""name"": ""นางสาวน้ำฝน หอมชาลี"", ""party"": null, ""votes"": null}, {""number"": 4, ""name"": ""นางสาวกาญจนา จังหวะ"", ""party"": null, ""votes"": null}, {""number"": 5, ""name"": ""นางสาวนงค์คราญ ฤชาญ"", ""party"": null, ""votes"": null}, {""number"": 6, ""name"": ""นายชาติชาย อาจสนาม"", ""party"": null, ""votes"": null}, {""number"": 8, ""name"": ""นางสาวสุชาดา ซาง แทนทรัพย์"", ""party"": null, ""votes"": null}]"
เขตเลือกตั้งที่ 4\อำเภอหนองบัวแดง\แบ่งเขต\ต.ถ้ำวัวแดง-แบ่งเขต-หน่วยที่ 1-15.pdf,1,30,ชัยภูมิ,4,หนองบัวแดง,ถ้ำวัวแดง,1-15,แบ่งเขต,สส.5/18,แบ่งเขต,4,,,เขตเลือกตั้งที่,ขต,67,4,221,222,223,23,24,96,8,"[{""number"": 1, ""name"": ""นายวรฉัตร พงศ์ธีระดุลย์"", ""party"": ""สังกัด"", ""votes"": null}, {""number"": 2, ""name"": ""นายสิทธิพล ภูธรณ์"", ""party"": ""ประชาชน"", ""votes"": null}, {""number"": 3, ""name"": ""นางสาวน้ำฝน หอมชาลี"", ""party"": ""ประชาธิปัตย์"", ""votes"": null}, {""number"": 4, ""name"": ""นายณรงค์ฤทธิ์ มอบสันเทียะ"", ""party"": ""รวมไทยสร้างชาติ"", ""votes"": null}, {""number"": 5, ""name"": ""นางสาวสุชาดา ซาง แทนทรัพย์"", ""party"": ""ภูมิใจไทย"", ""votes"": null}, {""number"": 6, ""name"": ""นางสาวกาญจนา จังหวะ"", ""party"": ""กลาธรรม"", ""votes"": null}, {""number"": 7, ""name"": ""นางสาวนงค์คราญ ฤๅชาญ"", ""party"": ""ประชาธิปไตยใหม่"", ""votes"": null}, {""number"": 8, ""name"": ""นายชาติชาย อาจสนาม"", ""party"": ""เศรษฐกิจ"", ""votes"": null}]"
เขตเลือกตั้งที่ 4\อำเภอหนองบัวแดง\แบ่งเขต\ต.ถ้ำวัวแดง-แบ่งเขต-หน่วยที่ 1-15.pdf,2,30,ชัยภูมิ,4,หนองบัวแดง,ถ้ำวัวแดง,1-15,แบ่งเขต,สส.5/18,,,,,,,,,,,,,,,0,[]
เขตเลือกตั้งที่ 4\อำเภอหนองบัวแดง\แบ่งเขต\ต.ถ้ำวัวแดง-แบ่งเขต-หน่วยที่ 1-15.pdf,3,30,ชัยภูมิ,4,หนองบัวแดง,ถ้ำวัวแดง,1-15,แบ่งเขต,สส.5/18,แบ่งเขต,4,2,2,าล,ขต,1,1,221,222,223,23,,,8,"[{""number"": 1, ""name"": ""นายวรฉัตร พงศ์ธีระดุลย์"", ""party"": ""เพื่อไทย"", ""votes"": null}, {""number"": 2, ""name"": ""นายสิทธิพล ภูธรณ์"", ""party"": null, ""votes"": null}, {""number"": 3, ""name"": ""นางสาวน้ำฝน หอมชาลี"", ""party"": ""ประชาชน ..:"", ""votes"": null}, {""number"": 4, ""name"": ""นายณรงค์ฤทธิ์ มอบสันเทียะ"", ""party"": ""รวมไทยสร้างชาติ"", ""votes"": null}, {""number"": 5, ""name"": ""นางสาวสุชาดา ซาง แทนทรัพย์"", ""party"": ""ภูมิใจไทย"", ""votes"": 30}, {""number"": 6, ""name"": ""นางสาวกาญจนา จังหวะ"", ""party"": ""กล้าธรรม"", ""votes"": 2}, {""number"": 7, ""name"": ""นางสาวนงค์คราญ ฤๅชาญ"", ""party"": ""ประชาธิปไตยใหม่"", ""votes"": 2}, {""number"": 8, ""name"": ""นายชาติชาย อาจสนาม"", ""party"": null, ""votes"": null}]"
เขตเลือกตั้งที่ 6\อำเภอภูเขียว\แบ่งเขต\โคกสะอาด-แบ่งเขต-หน่วยที่ 1-16.pdf,1,32,ชัยภูมิ,6,ภูเขียว,,1-16,แบ่งเขต,สส.5/18,แบ่งเขต,6,,,ลูกจะฮา,ขต,459,2,221,222,223,440,,,7,"[{""number"": 1, ""name"": ""นายเสถียรพงศ์ เที่ยงตรง"", ""party"": ""ประชาธิปัตย์"", ""votes"": 4}, {""number"": 2, ""name"": ""นางสาวบัวพันธ์ ผ่อนจรุง"", ""party"": ""ประชาธิปไตยใหม่"", ""votes"": null}, {""number"": 3, ""name"": ""นางสาววิเมลือง แก้วศิริ"", ""party"": ""เพื่อไทย"", ""votes"": 33}, {""number"": 4, ""name"": ""นายรุ่งโรจน์ ภูศักดิ์"", ""party"": ""รวมไทยสร้างชาติ"", ""votes"": 506}, {""number"": 5, ""name"": ""นายเชวงศักดิ์ เร่งไพบูลย์วงษ์"", ""party"": ""ภูมิใจไทย"", ""votes"": 10}, {""number"": 6, ""name"": ""นายสากล มาชัยภูมิ"", ""party"": ""เศรษฐกิจ"", ""votes"": null}, {""number"": 10, ""name"": ""นายแทนยุทธพงษ์ วงษ์วัชรวานิช"", ""party"": null, ""votes"": null}]"
เขตเลือกตั้งที่ 6\อำเภอภูเขียว\แบ่งเขต\โคกสะอาด-แบ่งเขต-หน่วยที่ 1-16.pdf,2,32,ชัยภูมิ,6,ภูเขียว,,1-16,แบ่งเขต,สส.5/18,,,,,,,,,,,,,,,0,[]
เขตเลือกตั้งที่ 6\อำเภอภูเขียว\แบ่งเขต\โคกสะอาด-แบ่งเขต-หน่วยที่ 1-16.pdf,3,32,ชัยภูมิ,6,ภูเขียว,,1-16,แบ่งเขต,สส.5/18,แบ่งเขต,6,2,,โคก,อด,2,24,221,222,223,23,260,258,7,"[{""number"": 1, ""name"": ""นายเสถียรพงศ์ เที่ยงตรง"", ""party"": ""ประชาธิปัตย์"", ""votes"": null}, {""number"": 2, ""name"": ""นางสาวบัวพันธ์ ผ่อนจรุง"", ""party"": ""ประชาธิปไตยใหม่ ......"", ""votes"": null}, {""number"": 3, ""name"": ""นายแทนยุทธพงษ์ วงษ์วัชรวานิช"", ""party"": ""ประชาชน"", ""votes"": null}, {""number"": 4, ""name"": ""นายรุ่งโรจน์ ภูศักดิ์"", ""party"": ""รวมไทยสร้างชาติ"", ""votes"": null}, {""number"": 5, ""name"": ""นายเชวงศักดิ์ เร่งไพบูลย์วงษ์"", ""party"": ""ภูมิใจไทย"", ""votes"": 139}, {""number"": 6, ""name"": ""นางสาววิเมลือง แก้วศิริ"", ""party"": ""เพื่อไทย"", ""votes"": null}, {""number"": null, ""name"": ""นายสากล มาชัยภูมิ"", ""party"": ""เศรษฐกิจ"", ""votes"": null}]"
เขตเลือกตั้งที่ 6\อำเภอบ้านแท่น\แบ่งเขต\ต.บ้านแท่น-แบ่งเขต-หน่วยที่ 1-16.pdf,1,32,ชัยภูมิ,6,บ้านแท่น,บ้านแท่น,1-16,แบ่งเขต,สส.5/18,แบ่งเขต,6,,,าล,,1,4,221,222,,23,,196,7,"[{""number"": 1, ""name"": ""นายเสถียรพงศ์ เที่ยงตรง"", ""party"": ""ประชาธิปัตย์"", ""votes"": null}, {""number"": 2, ""name"": ""นายแทนยุทธพงษ์ วงษ์วัชรวานิช"", ""party"": ""ประชาชน"", ""votes"": null}, {""number"": 3, ""name"": ""นางสาววิเมลือง แก้วศิริ"", ""party"": ""เพื่อไทย"", ""votes"": null}, {""number"": 4, ""name"": ""นายรุ่งโรจน์ ภูศักดิ์"", ""party"": ""รวมไทยสร้างชาติ"", ""votes"": null}, {""number"": 5, ""name"": ""นายเชวงศักดิ์ เร่งไพบูลย์วงษ์"", ""party"": ""ภูมิใจไทย"", ""votes"": 148}, {""number"": 15, ""name"": ""นางสาวบัวพันธ์ ผ่อนจรุง"", ""party"": ""ประชาธิปไตยใหม่"", ""votes"": null}, {""number"": 29, ""name"": ""นายสากล มาชัยภูมิ"", ""party"": ""เศรษฐกิจ"", ""votes"": null}]"
เขตเลือกตั้งที่ 6\อำเภอบ้านแท่น\แบ่งเขต\ต.บ้านแท่น-แบ่งเขต-หน่วยที่ 1-16.pdf,2,32,ชัยภูมิ,6,บ้านแท่น,บ้านแท่น,1-16,แบ่งเขต,สส.5/18,,,,,,,,,,,,,,,0,[]
เขตเลือกตั้งที่ 6\อำเภอบ้านแท่น\แบ่งเขต\ต.บ้านแท่น-แบ่งเขต-หน่วยที่ 1-16.pdf,3,32,ชัยภูมิ,6,บ้านแท่น,บ้านแท่น,1-16,แบ่งเขต,สส.5/18,แบ่งเขต,6,2,4,บ้านแท่น,บ้านเ,44,20,221,222,223,23,4419,282,7,"[{""number"": 1, ""name"": ""นายเสถียรพงศ์ เที่ยงตรง"", ""party"": ""ประชาธิปัตย์"", ""votes"": null}, {""number"": 2, ""name"": ""นายแทนยุทธพงษ์ วงษ์วัชรวานิช"", ""party"": ""ประชาชน"", ""votes"": 39}, {""number"": 3, ""name"": ""นางสาวบัวพันธ์ ผ่อนจรุง"", ""party"": ""ประชาธิปไตยใหม่"", ""votes"": null}, {""number"": 4, ""name"": ""นายรุ่งโรจน์ ภูศักดิ์"", ""party"": ""รวมไทยสร้างชาติ"", ""votes"": 2}, {""number"": 5, ""name"": ""นายเชวงศักดิ์ เร่งไพบูลย์วงษ์"", ""party"": ""ภูมิใจไทย"", ""votes"": 54}, {""number"": 6, ""name"": ""นางสาววิเมลือง แก้วศิริ"", ""party"": ""เพื่อไทย"", ""votes"": null}, {""number"": null, ""name"": ""นายสากล มาชัยภูมิ"", ""party"": ""เศรษฐกิจ"", ""votes"": null}]"
เขตเลือกตั้งที่ 7\อำเภอคอนสวรรค์\ต.โคกมั่งงอย-แบ่งเขต-หน่วยที่ 1-11.pdf,1,22,ชัยภูมิ,7,คอนสวรรค์,โคกมั่งงอย,1-11,แบ่งเขต,สส.5/18,แบ่งเขต,7,,,าล,ขต,40,,221,222,223,23,20,499,11,"[{""number"": 1, ""name"": ""นายกิตติธัช คำวงษ์"", ""party"": null, ""votes"": null}, {""number"": 2, ""name"": ""นายกิติพร เศรษฐภูมิภักดี"", ""party"": ""ประชาชน"", ""votes"": null}, {""number"": 3, ""name"": ""นายชานนท์ ต่อสกุล"", ""party"": ""ภูมิใจไทย"", ""votes"": null}, {""number"": 4, ""name"": ""นายอัครแสนคีรี โล่ห์วีระ"", ""party"": ""กล้าธรรม"", ""votes"": 314}, {""number"": 5, ""name"": ""นางสาวปัญชลีย์ วัฒนชัยศาสตร์"", ""party"": ""พลังประชารัฐ"", ""votes"": null}, {""number"": 6, ""name"": ""นายจอมจักรภพ วัชระจินดาวัฒนะ"", ""party"": ""เพื่อไทย"", ""votes"": null}, {""number"": 7, ""name"": ""นายพลากร ภูมินอก"", ""party"": ""ประชาธิปัตย์"", ""votes"": null}, {""number"": 8, ""name"": ""นายธีรวุฒิ พงษ์จันทร์"", ""party"": ""ไทยก้าวใหม่"", ""votes"": null}, {""number"": 9, ""name"": ""นายอดิเรก ดวงวันนี"", ""party"": null, ""votes"": null}, {""number"": 10, ""name"": ""นางสุชามนต์ เครือเครา"", ""party"": ""ประชาธิปไตยใหม่"", ""votes"": null}, {""number"": 11, ""name"": ""นางอรุณณี งามจิตสุวรรณ"", ""party"": null, ""votes"": null}]"
เขตเลือกตั้งที่ 7\อำเภอคอนสวรรค์\ต.โคกมั่งงอย-แบ่งเขต-หน่วยที่ 1-11.pdf,2,22,ชัยภูมิ,7,คอนสวรรค์,โคกมั่งงอย,1-11,แบ่งเขต,สส.5/18,,,,,,,,,,,,,,,0,[]
เขตเลือกตั้งที่ 7\อำเภอคอนสวรรค์\ต.โคกมั่งงอย-แบ่งเขต-หน่วยที่ 1-11.pdf,3,22,ชัยภูมิ,7,คอนสวรรค์,โคกมั่งงอย,1-11,แบ่งเขต,สส.5/18,แบ่งเขต,7,2,3,โคดมังงะ,ขต,53,380,221,222,223,23,550,367,11,"[{""number"": 1, ""name"": ""นายกิตติธัช คำวงษ์"", ""party"": ""ประชาชน 52 - นายฮy -"", ""votes"": null}, {""number"": 2, ""name"": ""นายกิติพร"", ""party"": ""เศรษฐภูมิภักดี"", ""votes"": 1}, {""number"": 2, ""name"": ""นายอดิเรก ดวงวันนี"", ""party"": ""ประชาธิปไตยใหม่"", ""votes"": 3}, {""number"": 3, ""name"": ""นายชานนท์ ต่อสกุล"", ""party"": ""ภูมิใจไทย"", ""votes"": 2}, {""number"": 4, ""name"": ""นายอัครแสนคีรี โล่ห์วีระ"", ""party"": ""กล้าธรรม"", ""votes"": null}, {""number"": 5, ""name"": ""นางสาวปัญชลีย์ วัฒนชัยศาสตร์"", ""party"": ""พลังประชารัฐ"", ""votes"": 5}, {""number"": 6, ""name"": ""นายจอมจักรภพ วัชระจินดาวัฒนะ"", ""party"": ""เพื่อไทย"", ""votes"": null}, {""number"": 7, ""name"": ""นายพลากร ภูมินอก"", ""party"": ""ประชาธิปัตย์"", ""votes"": null}, {""number"": 8, ""name"": ""นายธีรวุฒิ พงษ์จันทร์"", ""party"": ""ไทยก้าวใหม่"", ""votes"": null}, {""number"": 10, ""name"": ""นางสุชามนต์ เครือเครา"", ""party"": ""ไทยทรัพย์ทวี"", ""votes"": null}, {""number"": 11, ""name"": ""นางอรุณณี งามจิตสุวรรณ"", ""party"": null, ""votes"": null}]"
เขตเลือกตั้งที่ 4\อำเภอหนองบัวแดง\แบ่งเขต\ต.ท่าใหญ่-แบ่งเขต-หน่วยที่ 1-15.pdf,1,30,ชัยภูมิ,4,หนองบัวแดง,ท่าใหญ่,1-15,แบ่งเขต,สส.5/18,แบ่งเขต,4,,,บ้านลาโหม,ขต,6,60,221,222,223,23,260,220,8,"[{""number"": 1, ""name"": ""นายวรฉัตร พงศ์ธีระดุลย์"", ""party"": ""สังกัด"", ""votes"": 9}, {""number"": 2, ""name"": ""นายสิทธิพล ภูธรณ์"", ""party"": ""ประชาชน"", ""votes"": null}, {""number"": 3, ""name"": ""นางสาวนํ้าฝน หอมชาลี"", ""party"": ""ประชาธิปัตย์"", ""votes"": null}, {""number"": 4, ""name"": ""นายณรงค์ฤทธิ์ มอบสันเทียะ"", ""party"": ""รวมไทยสร้างชาติ"", ""votes"": null}, {""number"": 5, ""name"": ""นางสาวสุชาดา ซาง แทนทรัพย์"", ""party"": ""ภูมิใจไทย"", ""votes"": null}, {""number"": 6, ""name"": ""นางสาวกาญจนา จังหวะ"", ""party"": ""กล้าธรรม"", ""votes"": 121}, {""number"": 7, ""name"": ""นางสาวนงค์คราญ ฤๅชาญ"", ""party"": ""ประชาธิปไตยใหม่"", ""votes"": null}, {""number"": 8, ""name"": ""นายชาติชาย อาจสนาม"", ""party"": ""เศรษฐกิจ"", ""votes"": null}]"
เขตเลือกตั้งที่ 4\อำเภอหนองบัวแดง\แบ่งเขต\ต.ท่าใหญ่-แบ่งเขต-หน่วยที่ 1-15.pdf,2,30,ชัยภูมิ,4,หนองบัวแดง,ท่าใหญ่,1-15,แบ่งเขต,สส.5/18,,,,,,,,,,,,,,,0,[]
เขตเลือกตั้งที่ 4\อำเภอหนองบัวแดง\แบ่งเขต\ต.ท่าใหญ่-แบ่งเขต-หน่วยที่ 1-15.pdf,3,30,ชัยภูมิ,4,หนองบัวแดง,ท่าใหญ่,1-15,แบ่งเขต,สส.5/18,แบ่งเขต,4,2,1,าล,ขต,66,2,221,222,223,23,50,3357,8,"[{""number"": 1, ""name"": ""นายวรฉัตร พงศ์ธีระดุลย์"", ""party"": ""สงกด"", ""votes"": null}, {""number"": 2, ""name"": ""นายสิทธิพล ภูธรณ์"", ""party"": ""ประชาชน"", ""votes"": null}, {""number"": 3, ""name"": ""นางสาวกาญจนา จังหวะ"", ""party"": ""กล้าธรรม"", ""votes"": 154}, {""number"": 4, ""name"": ""นายณรงค์ฤทธิ์ มอบสันเทียะ"", ""party"": ""รวมไทยสร้างชาติ"", ""votes"": null}, {""number"": 5, ""name"": ""นางสาวสุชาดา ซาง แทนทรัพย์"", ""party"": ""ภูมิใจไทย"", ""votes"": 114}, {""number"": 6, ""name"": ""นางสาวนงค์คราญ ฤชาญ"", ""party"": ""ประชาธิปไตยใหม่"", ""votes"": null}, {""number"": 8, ""name"": ""นายชาติชาย อาจสนาม"", ""party"": ""เศรษฐกิจ"", ""votes"": null}, {""number"": 28, ""name"": ""นางสาวน้ำฝน หอมชาลี"", ""party"": ""ประชาธิปัตย์"", ""votes"": null}]"
เขตเลือกตั้งที่ 2\อำเภอจัตุรัส\ต.บ้านขาม-แบ่งเขต_บัญชีรายชื่อ.pdf,1,86,ชัยภูมิ,2,จัตุรัส,บ้านขาม,,แบ่งเขต+บัญชีรายชื่อ,สส.5/18,แบ่งเขต,2,1,,าล,ขต,30,30,221,420,223,23,,325,7,"[{""number"": 1, ""name"": ""นายประเสริฐศักดิ์ ขำหินตั้ง"", ""party"": ""ไทยก้าวใหม่"", ""votes"": 5}, {""number"": 1, ""name"": ""นายถวัลย์ หงษ์ไทย"", ""party"": ""เศรษฐกิจ"", ""votes"": null}, {""number"": 2, ""name"": ""นายเชิงชาย ชาลีรินทร์"", ""party"": ""เพื่อไทย"", ""votes"": 214}, {""number"": 3, ""name"": ""นายโสโชค สู้โนนตาด"", ""party"": ""รวมไทยสร้างชาติ"", ""votes"": null}, {""number"": 4, ""name"": ""นายณรงค์ แขนอก"", ""party"": ""ประชาธิปัตย์"", ""votes"": null}, {""number"": 5, ""name"": ""นายทัศนัย สุขประสาร"", ""party"": ""ภูมิใจไทย"", ""votes"": null}, {""number"": 10, ""name"": ""นางสาววาสนา อยู่ภักดี"", ""party"": ""ประชาชน"", ""votes"": null}]"
เขตเลือกตั้งที่ 2\อำเภอจัตุรัส\ต.บ้านขาม-แบ่งเขต_บัญชีรายชื่อ.pdf,2,86,ชัยภูมิ,2,จัตุรัส,บ้านขาม,,แบ่งเขต+บัญชีรายชื่อ,สส.5/18,,,,,,,,,,,,,,,0,[]
เขตเลือกตั้งที่ 2\อำเภอจัตุรัส\ต.บ้านขาม-แบ่งเขต_บัญชีรายชื่อ.pdf,3,86,ชัยภูมิ,2,จัตุรัส,บ้านขาม,,แบ่งเขต+บัญชีรายชื่อ,สส.5/18,บัญชีรายชื่อ,2,,,าล,ขต,23456,23456,221,680,,,,,0,[]
เขตเลือกตั้งที่ 5\อำเภอเกษตรสมบูรณ์\แบ่งเขต\ต.โนนทอง-แบ่งเขต-หน่วยที่ 1-13.pdf,2,26,ชัยภูมิ,5,เกษตรสมบูรณ์,โนนทอง,1-13,แบ่งเขต,สส.5/18,,,,,,,,,,,,,,,0,[]
เขตเลือกตั้งที่ 5\อำเภอเกษตรสมบูรณ์\แบ่งเขต\ต.โนนทอง-แบ่งเขต-หน่วยที่ 1-13.pdf,3,26,ชัยภูมิ,5,เกษตรสมบูรณ์,โนนทอง,1-13,แบ่งเขต,สส.5/18,แบ่งเขต,5,2,,โนนทอง,,41,24,440,222,223,23,21,2165,11,"[{""number"": 1, ""name"": ""นายชยนนท์ คำเบ้า"", ""party"": ""ประชาธิปัตย์"", ""votes"": null}, {""number"": 2, ""name"": ""นายธนกฤต จรรย์โกมล"", ""party"": ""ภูมิใจไทย"", ""votes"": 92}, {""number"": 3, ""name"": ""ส.อ.นิติภัส สุภาพงษ์นันทกุล"", ""party"": ""รวมไทยสร้างชาติ"", ""votes"": null}, {""number"": 4, ""name"": ""นายสุขสันต์ ชื่นจิตร"", ""party"": ""กล้าธรรม"", ""votes"": 129}, {""number"": 5, ""name"": ""นายศิวะ พงศ์ธีระดุลย์"", ""party"": ""เพื่อไทย"", ""votes"": null}, {""number"": 6, ""name"": ""นายอภิเดช ประทุมแก้ว"", ""party"": ""ประชาชน"", ""votes"": null}, {""number"": 7, ""name"": ""นายศรคม ชา"", ""party"": ""พลังประชารัฐ"", ""votes"": null}, {""number"": 8, ""name"": ""นายหนูเสน พรมวงศ์"", ""party"": ""ทางเลือกใหม่"", ""votes"": null}, {""number"": 9, ""name"": ""นายวิชัย ปัญญา"", ""party"": ""ไทยทรัพย์ทวี"", ""votes"": null}, {""number"": 10, ""name"": ""นายปิยชัย โชติมาวณิช"", ""party"": ""เศรษฐกิจ"", ""votes"": null}, {""number"": 11, ""name"": ""นายจงเจริญ เอกทวีกุล"", ""party"": null, ""votes"": null}]"
เขตเลือกตั้งที่ 5\อำเภอคอนสาร\แบ่งเขต\โนนคูณ-แบ่งเขต-หน่วยที่ 1-12.pdf,2,24,ชัยภูมิ,5,คอนสาร,,1-12,แบ่งเขต,สส.5/18,,,,,,,,,,,,,,,0,[]
เขตเลือกตั้งที่ 5\อำเภอเกษตรสมบูรณ์\แบ่งเขต\ต.บ้านยาง-แบ่งเขต-หน่วยที่1-13.pdf,2,26,ชัยภูมิ,5,เกษตรสมบูรณ์,บ้านยาง,1-13,แบ่งเขต,สส.5/18,,,,,,,,,,,,,,,0,[]
เขตเลือกตั้งที่ 5\อำเภอเกษตรสมบูรณ์\แบ่งเขต\ทต.บ้านเป้า-แบ่งเขต-หน่วยที่ 1-13.pdf,1,26,ชัยภูมิ,5,เกษตรสมบูรณ์,บ้านเป้า,1-13,แบ่งเขต,สส.5/18,แบ่งเขต,5,1,1,บ้านเป้า,และ,449,30,221,222,223,23,460,287,11,"[{""number"": 1, ""name"": ""นายชยนนท์ คำเบ้า"", ""party"": ""ประชาธิปัตย์"", ""votes"": 1}, {""number"": 2, ""name"": ""นายธนกฤต จรรย์โกมล"", ""party"": ""ภูมิใจไทย"", ""votes"": null}, {""number"": 3, ""name"": ""ส.อ.นิติภัส สุภาพงษ์นันทกุล"", ""party"": ""รวมไทยสร้างชาติ"", ""votes"": null}, {""number"": 4, ""name"": ""นายสุขสันต์ ชื่นจิตร"", ""party"": ""กล้าธรรม 40"", ""votes"": null}, {""number"": 5, ""name"": ""นายศิวะ พงศ์ธีระดุลย์"", ""party"": ""เพื่อไทย"", ""votes"": 1}, {""number"": 6, ""name"": ""นายอภิเดช ประทุมแก้ว"", ""party"": ""ประชาชน"", ""votes"": 1}, {""number"": 7, ""name"": ""นายศรคม ชา"", ""party"": null, ""votes"": null}, {""number"": 8, ""name"": ""นายหนูเสน พรมวงศ์"", ""party"": ""พลังประชารัฐ"", ""votes"": 41}, {""number"": 9, ""name"": ""นายวิชัย ปัญญา"", ""party"": ""ไทยทรัพย์ทวี"", ""votes"": null}, {""number"": 10, ""name"": ""นายปิยชัย โชติมาวณิช"", ""party"": ""เศรษฐกิจ"", ""votes"": null}, {""number"": 11, ""name"": ""นายจงเจริญ เอกทวีกุล"", ""party"": null, ""votes"": null}]"
เขตเลือกตั้งที่ 5\อำเภอเกษตรสมบูรณ์\แบ่งเขต\ทต.บ้านเป้า-แบ่งเขต-หน่วยที่ 1-13.pdf,2,26,ชัยภูมิ,5,เกษตรสมบูรณ์,บ้านเป้า,1-13,แบ่งเขต,สส.5/18,,,,,,,,,,,,,,,0,[]
เขตเลือกตั้งที่ 2\อำเภอจัตุรัส\ต.บ้านกอก-แบ่งเขต_บัญชีรายชื่อ.pdf,1,90,ชัยภูมิ,2,จัตุรัส,บ้านกอก,,แบ่งเขต+บัญชีรายชื่อ,สส.5/18,แบ่งเขต,2,,11,าล,,19,13,221,222,223,23,100,127,7,"[{""number"": 1, ""name"": ""นายถวัลย์ หงษ์ไทย"", ""party"": ""เศรษฐกิจ"", ""votes"": 507}, {""number"": 2, ""name"": ""นายประเสริฐศักดิ์ ขำหินตั้ง"", ""party"": ""สังกัด"", ""votes"": null}, {""number"": 3, ""name"": ""นางสาววาสนา อยู่ภักดี"", ""party"": null, ""votes"": null}, {""number"": 4, ""name"": ""นายเชิงชาย ชาลีรินทร์"", ""party"": null, ""votes"": null}, {""number"": 5, ""name"": ""นายทัศนัย สุขประสาร"", ""party"": ""ภูมิใจไทย"", ""votes"": null}, {""number"": 6, ""name"": ""นายณรงค์ แขนอก"", ""party"": ""ไทยก้าวใหม่"", ""votes"": null}, {""number"": null, ""name"": ""นายโสโชค สู้โนนตาด"", ""party"": ""รวมไทยสร้างชาติ"", ""votes"": null}]"
เขตเลือกตั้งที่ 2\อำเภอจัตุรัส\ต.บ้านกอก-แบ่งเขต_บัญชีรายชื่อ.pdf,2,90,ชัยภูมิ,2,จัตุรัส,บ้านกอก,,แบ่งเขต+บัญชีรายชื่อ,สส.5/18,,,,,,,,,,,,,,,0,[]
เขตเลือกตั้งที่ 3\อำเภอบเหน็จณรงค์\โคกเพชรพัฒนา -001-แบ่งเขต.pdf,2,26,ชัยภูมิ,3,บเหน็จณรงค์,โคกเพชรพัฒนา,001,แบ่งเขต,สส.5/18,,,,,,,,,,,,,,,0,[]
เขตเลือกตั้งที่ 5\อำเภอเกษตรสมบูรณ์\แบ่งเขต\ต.กุดเลาะ-แบ่งเขต-หน่วยที่ 1-13.pdf,2,26,ชัยภูมิ,5,เกษตรสมบูรณ์,กุดเลาะ,1-13,แบ่งเขต,สส.5/18,,,,,,,,,,,,,,,0,[]
เขตเลือกตั้งที่ 7\อำเภอคอนสวรรค์\ต.บ้านโสก-แบ่งเขต-หน่วยที่ 1-14.pdf,1,28,ชัยภูมิ,7,คอนสวรรค์,บ้านโสก,1-14,แบ่งเขต,สส.5/18,แบ่งเขต,7,,,บ้านโคก,คอนสวรรค,40,2,400,222,223,23,29,295,11,"[{""number"": 1, ""name"": ""นายกิตติธัช คำวงษ์"", ""party"": ""ประชาชน"", ""votes"": 49}, {""number"": 2, ""name"": ""นายกิติพร เศรษฐภูมิภักดี"", ""party"": ""รวมไทยสร้างชาติ"", ""votes"": null}, {""number"": 2, ""name"": ""นายอัครแสนคีรี โล่ห์วีระ"", ""party"": ""ภูมิใจไทย"", ""votes"": 400}, {""number"": 4, ""name"": ""นายชานนท์ ต่อสกุล"", ""party"": null, ""votes"": null}, {""number"": 5, ""name"": ""นางสาวปัญชลีย์ วัฒนชัยศาสตร์"", ""party"": ""พลังประชารัฐ"", ""votes"": 1}, {""number"": 6, ""name"": ""นายจอมจักรภพ วัชระจินดาวัฒนะ"", ""party"": ""เพื่อไทย"", ""votes"": null}, {""number"": 7, ""name"": ""นายพลากร ภูมินอก"", ""party"": ""ประชาธิปัตย์"", ""votes"": 506}, {""number"": 8, ""name"": ""นายธีรวุฒิ พงษ์จันทร์"", ""party"": ""ไทยก้าวใหม่"", ""votes"": null}, {""number"": 9, ""name"": ""นายอดิเรก ดวงวันนี"", ""party"": ""ประชาธิปไตยใหม่ 2"", ""votes"": null}, {""number"": 10, ""name"": ""นางสุชามนต์ เครือเครา"", ""party"": ""ไทยทรัพย์ทวี"", ""votes"": 22605}, {""number"": 11, ""name"": ""นางอรุณณี งามจิตสุวรรณ"", ""party"": ""เศรษฐกิจ"", ""votes"": null}]"
เขตเลือกตั้งที่ 7\อำเภอคอนสวรรค์\ต.บ้านโสก-แบ่งเขต-หน่วยที่ 1-14.pdf,2,28,ชัยภูมิ,7,คอนสวรรค์,บ้านโสก,1-14,แบ่งเขต,สส.5/18,,,,,,,,,,,,,,,0,[]
เขตเลือกตั้งที่ 7\อำเภอคอนสวรรค์\ต.บ้านโสก-แบ่งเขต-หน่วยที่ 1-14.pdf,3,28,ชัยภูมิ,7,คอนสวรรค์,บ้านโสก,1-14,แบ่งเขต,สส.5/18,แบ่งเขต,7,2,,บ้าน,ดอน,44,43,221,222,223,23,400,287,11,"[{""number"": 1, ""name"": ""นายกิตติธัช คำวงษ์"", ""party"": ""ประชาชน"", ""votes"": 28}, {""number"": 2, ""name"": ""นายกิติพร เศรษฐภูมิภักดี"", ""party"": ""รวมไทยสร้างชาติ 0 (262)"", ""votes"": null}, {""number"": 3, ""name"": ""นายชานนท์ ต่อสกุล"", ""party"": ""ภูมิใจไทย"", ""votes"": null}, {""number"": 4, ""name"": ""นายอัครแสนคีรี โล่ห์วีระ"", ""party"": ""กล้าธรรม"", ""votes"": 206}, {""number"": 5, ""name"": ""นางสาวปัญชลีย์ วัฒนชัยศาสตร์"", ""party"": ""พลังประชารัฐ 4."", ""votes"": null}, {""number"": 6, ""name"": ""นายจอมจักรภพ วัชระจินดาวัฒนะ"", ""party"": ""เพื่อไทย"", ""votes"": null}, {""number"": 7, ""name"": ""นายพลากร ภูมินอก"", ""party"": ""ประชาธิปัตย์ 0"", ""votes"": null}, {""number"": 8, ""name"": ""นายธีรวุฒิ พงษ์จันทร์"", ""party"": ""ไทยก้าวใหม่ 1"", ""votes"": null}, {""number"": 9, ""name"": ""นายอดิเรก ดวงวันนี"", ""party"": ""ประชาธิปไตยใหม่ 3."", ""votes"": null}, {""number"": 10, ""name"": ""นางสุชามนต์ เครือเครา"", ""party"": ""ไทยทรัพย์ทวี"", ""votes"": null}, {""number"": 11, ""name"": ""นางอรุณณี งามจิตสุวรรณ"", ""party"": null, ""votes"": null}]"
เขตเลือกตั้งที่ 5\อำเภอเกษตรสมบูรณ์\แบ่งเขต\ต.โนนกอก-แบ่งเขต-หน่วยที่ 1-14.pdf,2,28,ชัยภูมิ,5,เกษตรสมบูรณ์,โนนกอก,1-14,แบ่งเขต,สส.5/18,,,,,,,,,,,,,,,0,[]
เขตเลือกตั้งที่ 5\อำเภอเกษตรสมบูรณ์\แบ่งเขต\ต.โนนกอก-แบ่งเขต-หน่วยที่ 1-14.pdf,3,28,ชัยภูมิ,5,เกษตรสมบูรณ์,โนนกอก,1-14,แบ่งเขต,สส.5/18,แบ่งเขต,5,2,4,าล,,40,12,221,222,223,23,240,376540,10,"[{""number"": 1, ""name"": ""นายชยนนท์ คำเบ้า"", ""party"": ""ประชาธิปัตย์"", ""votes"": 2}, {""number"": 2, ""name"": ""นายอภิเดช ประทุมแก้ว"", ""party"": ""ประชาชน"", ""votes"": 45}, {""number"": 3, ""name"": ""ส.อ.นิติภัส สุภาพงษ์นันทกุล"", ""party"": ""ภูมิใจไทย"", ""votes"": 76}, {""number"": 4, ""name"": ""นายสุขสันต์ ชื่นจิตร"", ""party"": ""กล้าธรรม"", ""votes"": null}, {""number"": 5, ""name"": ""นายศิวะ พงศ์ธีระดุลย์"", ""party"": ""เพื่อไทย"", ""votes"": null}, {""number"": 6, ""name"": ""นายหนูเสน พรมวงศ์"", ""party"": ""ทางเลือกใหม่"", ""votes"": null}, {""number"": 7, ""name"": ""นายศรคม ชา"", ""party"": ""พลังประชารัฐ"", ""votes"": 1}, {""number"": 9, ""name"": ""นายวิชัย ปัญญา"", ""party"": ""ไทยทรัพย์ทวี"", ""votes"": 5}, {""number"": 10, ""name"": ""นายปิยชัย โชติมาวณิช"", ""party"": ""เศรษฐกิจ"", ""votes"": 50}, {""number"": 11, ""name"": ""นายจงเจริญ"", ""party"": ""เอกทวีกุล"", ""votes"": null}]"
เขตเลือกตั้งที่ 7\อำเภอแก้งคร้อ\ต.นาหนองทุ่ม-แบ่งเขต-หน่วยที่ 1-11.pdf,1,22,ชัยภูมิ,7,แก้งคร้อ,นาหนองทุ่ม,1-11,แบ่งเขต,สส.5/18,แบ่งเขต,7,1,4,ลน,ขต,,,221,222,223,23,100,459,11,"[{""number"": 1, ""name"": ""นายกิตติธัช คำวงษ์"", ""party"": ""ประชาชน"", ""votes"": null}, {""number"": 2, ""name"": ""นายกิติพร เศรษฐภูมิภักดี"", ""party"": ""รวมไทยสร้างชาติ"", ""votes"": null}, {""number"": 2, ""name"": ""นายธีรวุฒิ พงษ์จันทร์"", ""party"": ""ประชาธิปัตย์"", ""votes"": 0}, {""number"": 3, ""name"": ""นายชานนท์ ต่อสกุล"", ""party"": ""ภูมิใจไทย"", ""votes"": 6}, {""number"": 4, ""name"": ""นายอัครแสนคีรี โล่ห์วีระ"", ""party"": ""กล้าธรรม"", ""votes"": 152}, {""number"": 5, ""name"": ""นางสาวปัญชลีย์ วัฒนชัยศาสตร์"", ""party"": ""พลังประชารัฐ"", ""votes"": 2}, {""number"": 6, ""name"": ""นายจอมจักรภพ วัชระจินดาวัฒนะ"", ""party"": ""เพื่อไทย"", ""votes"": 235}, {""number"": 7, ""name"": ""นายพลากร ภูมินอก"", ""party"": null, ""votes"": null}, {""number"": 8, ""name"": ""นางอรุณณี งามจิตสุวรรณ"", ""party"": null, ""votes"": null}, {""number"": 9, ""name"": ""นายอดิเรก ดวงจันนี้"", ""party"": ""ประชาธิปไตยใหม่"", ""votes"": null}, {""number"": 10, ""name"": ""นางสุชามนต์ เครือเครา"", ""party"": ""ไทยทรัพย์ทวี"", ""votes"": null}]"
เขตเลือกตั้งที่ 7\อำเภอแก้งคร้อ\ต.นาหนองทุ่ม-แบ่งเขต-หน่วยที่ 1-11.pdf,2,22,ชัยภูมิ,7,แก้งคร้อ,นาหนองทุ่ม,1-11,แบ่งเขต,สส.5/18,,,,,,,,,,,,,,,0,[]
เขตเลือกตั้งที่ 7\อำเภอแก้งคร้อ\ต.นาหนองทุ่ม-แบ่งเขต-หน่วยที่ 1-11.pdf,3,22,ชัยภูมิ,7,แก้งคร้อ,นาหนองทุ่ม,1-11,แบ่งเขต,สส.5/18,แบ่งเขต,7,,2,าล,ขต,34,34,221,222,223,23,660,,11,"[{""number"": 1, ""name"": ""นายกิตติธัช คำวงษ์"", ""party"": ""ประชาชน"", ""votes"": 41}, {""number"": 2, ""name"": ""นายกิติพร เศรษฐภูมิภักดี"", ""party"": ""รวมไทยสร้างชาติ"", ""votes"": null}, {""number"": 2, ""name"": ""นายจอมจักรภพ วัชระจินดาวัฒนะ"", ""party"": ""เพื่อไทย"", ""votes"": 460}, {""number"": 3, ""name"": ""นายชานนท์ ต่อสกุล"", ""party"": ""ภูมิใจไทย"", ""votes"": null}, {""number"": 4, ""name"": ""นายอัครแสนคีรี โล่ห์วีระ"", ""party"": ""กล้าธรรม"", ""votes"": 236}, {""number"": 5, ""name"": ""นางสาวปัญชลีย์ วัฒนชัยศาสตร์"", ""party"": ""พลังประชารัฐ"", ""votes"": null}, {""number"": 7, ""name"": ""นายพลากร ภูมินอก"", ""party"": ""ประชาธิปัตย์"", ""votes"": null}, {""number"": 8, ""name"": ""นายธีรวุฒิ พงษ์จันทร์"", ""party"": ""ไทยก้าวใหม่"", ""votes"": null}, {""number"": 9, ""name"": ""นายอดิเรก ดวงจันนี"", ""party"": ""ประชาธิปไตยใหม่"", ""votes"": null}, {""number"": 10, ""name"": ""นางสุชามนต์ เครือเครา"", ""party"": ""ไทยทรัพย์ทวี"", ""votes"": null}, {""number"": 11, ""name"": ""นางอรุณณี งามจิตสุวรรณ"", ""party"": ""เศรษฐกิจ"", ""votes"": 404}]"
เขตเลือกตั้งที่ 6\อำเภอบ้านแท่น\แบ่งเขต\ต.หนองคู-แบ่งเขต-หน่วยที่ 1-12.pdf,1,24,ชัยภูมิ,6,บ้านแท่น,หนองคู,1-12,แบ่งเขต,สส.5/18,แบ่งเขต,6,,,,บ้านแท่น,400,4,221,222,223,23,400,503504,7,"[{""number"": 1, ""name"": ""นายเสถียรพงศ์ เที่ยงตรง"", ""party"": ""ได้คะแนน"", ""votes"": null}, {""number"": 2, ""name"": ""นางสาวบัวพันธ์ ผ่อนจรุง"", ""party"": ""ประชาธิปไตยใหม่"", ""votes"": null}, {""number"": 3, ""name"": ""นายเชวงศักดิ์ เร่งไพบูลย์วงษ์"", ""party"": ""ภูมิใจไทย"", ""votes"": 116}, {""number"": 4, ""name"": ""นายรุ่งโรจน์ ภูศักดิ์"", ""party"": ""รวมไทยสร้างชาติ"", ""votes"": 2}, {""number"": 5, ""name"": ""นางสาววิเมลือง แก้วศิริ"", ""party"": ""เพื่อไทย"", ""votes"": null}, {""number"": 7, ""name"": ""นายสากล มาชัยภูมิ"", ""party"": ""เศรษฐกิจ"", ""votes"": null}, {""number"": 10, ""name"": ""นายแทนยุทธพงษ์ วงษ์วัชรวานิช"", ""party"": ""ประชาชน"", ""votes"": 43}]"
เขตเลือกตั้งที่ 6\อำเภอบ้านแท่น\แบ่งเขต\ต.หนองคู-แบ่งเขต-หน่วยที่ 1-12.pdf,2,24,ชัยภูมิ,6,บ้านแท่น,หนองคู,1-12,แบ่งเขต,สส.5/18,,,,,,,,,,,,,,,0,[]
เขตเลือกตั้งที่ 6\อำเภอบ้านแท่น\แบ่งเขต\ต.หนองคู-แบ่งเขต-หน่วยที่ 1-12.pdf,3,24,ชัยภูมิ,6,บ้านแท่น,หนองคู,1-12,แบ่งเขต,สส.5/18,แบ่งเขต,6,2,1,ในองค์,บ้านเป็น,2,13,221,222,223,23,420,255,7,"[{""number"": 1, ""name"": ""นายเสถียรพงศ์ เที่ยงตรง"", ""party"": ""ประชาธิปัตย์"", ""votes"": null}, {""number"": 2, ""name"": ""นายแทนยุทธพงษ์ วงษ์วัชรวานิช"", ""party"": ""ประชาชน"", ""votes"": null}, {""number"": 3, ""name"": ""นางสาวบัวพันธ์ ผ่อนจรุง"", ""party"": ""ประชาธิปไตยใหม่ 4."", ""votes"": null}, {""number"": 4, ""name"": ""นายรุ่งโรจน์ ภูศักดิ์"", ""party"": ""รวมไทยสร้างชาติ 6"", ""votes"": 6}, {""number"": 5, ""name"": ""นายเชวงศักดิ์ เร่งไพบูลย์วงษ์"", ""party"": ""ภูมิใจไทย"", ""votes"": 143}, {""number"": 6, ""name"": ""นางสาววิเมลือง แก้วศิริ"", ""party"": ""เพื่อไทย"", ""votes"": null}, {""number"": 7, ""name"": ""นายสากล มาชัยภูมิ"", ""party"": ""เศรษฐกิจ"", ""votes"": null}]"
เขตเลือกตั้งที่ 7\อำเภอแก้งคร้อ\ต.หนองสังข์-แบ่งเขต-หน่วยที่ 1-16.pdf,1,32,ชัยภูมิ,7,แก้งคร้อ,หนองสังข์,1-16,แบ่งเขต,สส.5/18,แบ่งเขต,7,,,แผ,แก้วหนึ่ง,12,,221,222,223,23,380,2,11,"[{""number"": 1, ""name"": ""นายกิตติธัช คำวงษ์"", ""party"": ""ประชาชน"", ""votes"": null}, {""number"": 2, ""name"": ""นายจอมจักรภพ วัชระจินดาวัฒนะ"", ""party"": ""เพื่อไทย"", ""votes"": null}, {""number"": 3, ""name"": ""นายชานนท์ ต่อสกุล"", ""party"": ""ภูมิใจไทย"", ""votes"": null}, {""number"": 4, ""name"": ""นายอัครแสนคีรี โล่ห์วีระ"", ""party"": ""กล้าธรรม"", ""votes"": null}, {""number"": 5, ""name"": ""นางสาวปัญชลีย์ วัฒนชัยศาสตร์"", ""party"": ""พลังประชารัฐ"", ""votes"": null}, {""number"": 7, ""name"": ""นายพลากร ภูมินอก"", ""party"": ""ประชาธิปัตย์"", ""votes"": null}, {""number"": 8, ""name"": ""นายธีรวุฒิ พงษ์จันทร์"", ""party"": ""ไทยก้าวใหม่"", ""votes"": null}, {""number"": 9, ""name"": ""นายอดิเรก ดวงจันนี"", ""party"": ""ประชาธิปไตยใหม่ ........"", ""votes"": null}, {""number"": 10, ""name"": ""นางสุชามนต์ เครือเครา"", ""party"": ""ไทยทรัพย์ทวี"", ""votes"": null}, {""number"": 11, ""name"": ""นางอรุณณี งามจิตสุวรรณ"", ""party"": null, ""votes"": null}, {""number"": 24, ""name"": ""นายกิติพร เศรษฐภูมิภักดี"", ""party"": ""รวมไทยสร้างชาติ 1 หนึ่ง"", ""votes"": null}]"
เขตเลือกตั้งที่ 7\อำเภอแก้งคร้อ\ต.หนองสังข์-แบ่งเขต-หน่วยที่ 1-16.pdf,2,32,ชัยภูมิ,7,แก้งคร้อ,หนองสังข์,1-16,แบ่งเขต,สส.5/18,,,,,,,,,,,,,,,0,[]
เขตเลือกตั้งที่ 7\อำเภอแก้งคร้อ\ต.หนองสังข์-แบ่งเขต-หน่วยที่ 1-16.pdf,3,32,ชัยภูมิ,7,แก้งคร้อ,หนองสังข์,1-16,แบ่งเขต,สส.5/18,แบ่งเขต,7,2,2,หงสังข์,ขต,64,409,600,222,223,23,,393,11,"[{""number"": 1, ""name"": ""นายกิตติธัช คำวงษ์"", ""party"": ""ประชาชน"", ""votes"": 41}, {""number"": 2, ""name"": ""นายกิติพร เศรษฐภูมิภักดี"", ""party"": ""รวมไทยสร้างชาติ"", ""votes"": null}, {""number"": 3, ""name"": ""นายชานนท์ ต่อสกุล"", ""party"": ""ภูมิใจไทย"", ""votes"": null}, {""number"": 4, ""name"": ""นายอัครแสนคีรี โล่ห์วีระ"", ""party"": ""กล้าธรรม"", ""votes"": null}, {""number"": 5, ""name"": ""นางสาวปัญชลีย์ วัฒนชัยศาสตร์"", ""party"": ""พลังประชารัฐ 1."", ""votes"": null}, {""number"": 6, ""name"": ""นายจอมจักรภพ วัชระจินดาวัฒนะ"", ""party"": ""เพื่อไทย"", ""votes"": 101}, {""number"": 7, ""name"": ""นายพลากร ภูมินอก"", ""party"": ""ประชาธิปัตย์"", ""votes"": null}, {""number"": 8, ""name"": ""นายธีรวุฒิ พงษ์จันทร์"", ""party"": ""ไทยก้าวใหม่"", ""votes"": null}, {""number"": 9, ""name"": ""นายอดิเรก ดวงจันนี"", ""party"": ""ประชาธิปไตยใหม่"", ""votes"": null}, {""number"": 10, ""name"": ""นางสุชามนต์ เครือเครา"", ""party"": ""ไทยทรัพย์ทวี"", ""votes"": null}, {""number"": 11, ""name"": ""นางอรุณณี งามจิตสุวรรณ"", ""party"": ""เศรษฐกิจ"", ""votes"": null}]"
เขตเลือกตั้งที่ 4\อำเภอหนองบัวแดง\แบ่งเขต\ต.คูเมือง-แบ่งเขต-หน่วยที่ 1-18.pdf,1,36,ชัยภูมิ,4,หนองบัวแดง,คูเมือง,1-18,แบ่งเขต,สส.5/18,แบ่งเขต,4,,,วง,ขต,66,35,221,222,223,23,580,331,8,"[{""number"": 1, ""name"": ""นายวรฉัตร พงศ์ธีระดุลย์"", ""party"": ""เพื่อไทย"", ""votes"": 28}, {""number"": 2, ""name"": ""นายสิทธิพล ภูธรณ์"", ""party"": ""ประชาชน"", ""votes"": 29}, {""number"": 3, ""name"": ""นางสาวน้ำฝน หอมชาลี"", ""party"": ""ประชาธิปัตย์"", ""votes"": null}, {""number"": 4, ""name"": ""นายณรงค์ฤทธิ์ มอบสันเทียะ"", ""party"": ""รวมไทยสร้างชาติ"", ""votes"": null}, {""number"": 5, ""name"": ""นางสาวสุชาดา ซาง แทนทรัพย์"", ""party"": ""ภูมิใจไทย"", ""votes"": 199}, {""number"": 6, ""name"": ""นางสาวกาญจนา จังหวะ"", ""party"": ""กล้าธรรม"", ""votes"": 102}, {""number"": 7, ""name"": ""นางสาวนงค์คราญ ฤๅชาญ"", ""party"": ""ประชาธิปไตยใหม่"", ""votes"": null}, {""number"": 8, ""name"": ""นายชาติชาย อาจสนาม"", ""party"": ""เศรษฐกิจ"", ""votes"": null}]"
เขตเลือกตั้งที่ 4\อำเภอหนองบัวแดง\แบ่งเขต\ต.คูเมือง-แบ่งเขต-หน่วยที่ 1-18.pdf,2,36,ชัยภูมิ,4,หนองบัวแดง,คูเมือง,1-18,แบ่งเขต,สส.5/18,,,,,,,,,,,,,,,0,[]
เขตเลือกตั้งที่ 4\อำเภอหนองบัวแดง\แบ่งเขต\ต.คูเมือง-แบ่งเขต-หน่วยที่ 1-18.pdf,3,36,ชัยภูมิ,4,หนองบัวแดง,คูเมือง,1-18,แบ่งเขต,สส.5/18,แบ่งเขต,4,,,วง,ขต,44,,221,222,223,23,440,231,8,"[{""number"": 1, ""name"": ""นายวรฉัตร พงศ์ธีระดุลย์"", ""party"": ""เพื่อไทย"", ""votes"": 24}, {""number"": 2, ""name"": ""นางสาวสุชาดา ซาง แทนทรัพย์"", ""party"": ""ภูมิใจไทย"", ""votes"": 127}, {""number"": 3, ""name"": ""นายสิทธิพล ภูธรณ์"", ""party"": null, ""votes"": null}, {""number"": 4, ""name"": ""นายณรงค์ฤทธิ์ มอบสันเทียะ"", ""party"": ""รวมไทยสร้างชาติ"", ""votes"": null}, {""number"": 5, ""name"": ""นางสาวน้ำฝน หอมชาลี"", ""party"": ""ประชาชน"", ""votes"": null}, {""number"": 6, ""name"": ""นางสาวกาญจนา จังหวะ"", ""party"": ""กล้าธรรม"", ""votes"": 60}, {""number"": 7, ""name"": ""นางสาวนงค์คราญ ฤๅชาญ"", ""party"": ""ประชาธิปไตยใหม่"", ""votes"": null}, {""number"": 8, ""name"": ""นายชาติชาย อาจสนาม"", ""party"": ""เศรษฐกิจ"", ""votes"": null}]"
เขตเลือกตั้งที่ 5\อำเภอเกษตรสมบูรณ์\แบ่งเขต\ต.สระโพนทอง-แบ่งเขต-หน่วยที่ 1-15.pdf,1,30,ชัยภูมิ,5,เกษตรสมบูรณ์,สระโพนทอง,1-15,แบ่งเขต,สส.5/18,แบ่งเขต,5,1,1,าล,ทุ,35,20,221,222,223,23,340,,11,"[{""number"": 1, ""name"": ""นายชยนนท์ คำเบ้า"", ""party"": ""ประชาธิปัตย์"", ""votes"": null}, {""number"": 2, ""name"": ""นายศิวะ พงศ์ธีระดุลย์"", ""party"": null, ""votes"": null}, {""number"": 3, ""name"": ""ส.อ.นิติภัส สุภาพงษ์นันทกุล"", ""party"": ""รวมไทยสร้างชาติ"", ""votes"": null}, {""number"": 4, ""name"": ""นายธนกฤต"", ""party"": ""จรรย์โกมล"", ""votes"": null}, {""number"": 4, ""name"": ""นายสุขสันต์ ชื่นจิตร"", ""party"": ""กล้าธรรม"", ""votes"": null}, {""number"": 5, ""name"": ""นายอภิเดช ประทุมแก้ว"", ""party"": ""เพื่อไทย"", ""votes"": 86}, {""number"": 6, ""name"": ""นายวิชัย ปัญญา"", ""party"": ""ไทยทรัพย์ทวี"", ""votes"": null}, {""number"": 7, ""name"": ""นายศรคม ชา"", ""party"": ""พลังประชารัฐ"", ""votes"": null}, {""number"": 8, ""name"": ""นายหนูเสน พรมวงศ์"", ""party"": ""ทางเลือกใหม่"", ""votes"": null}, {""number"": 10, ""name"": ""นายปิยชัย โชติมาวณิช"", ""party"": ""เศรษฐกิจ"", ""votes"": null}, {""number"": 11, ""name"": ""นายจงเจริญ เอกทวีกุล"", ""party"": ""ประชากรไทย"", ""votes"": 248}]"
เขตเลือกตั้งที่ 5\อำเภอเกษตรสมบูรณ์\แบ่งเขต\ต.สระโพนทอง-แบ่งเขต-หน่วยที่ 1-15.pdf,2,30,ชัยภูมิ,5,เกษตรสมบูรณ์,สระโพนทอง,1-15,แบ่งเขต,สส.5/18,,,,,,,,,,,,,,,0,[]
เขตเลือกตั้งที่ 5\อำเภอเกษตรสมบูรณ์\แบ่งเขต\ต.สระโพนทอง-แบ่งเขต-หน่วยที่ 1-15.pdf,3,30,ชัยภูมิ,5,เกษตรสมบูรณ์,สระโพนทอง,1-15,แบ่งเขต,สส.5/18,แบ่งเขต,5,2,,าล,ขต,21,10,221,500,223,23,,360,11,"[{""number"": 1, ""name"": ""นายชยนนท์ คำเบ้า"", ""party"": ""ประชาธิปัตย์ 2 ...... Nob"", ""votes"": null}, {""number"": 1, ""name"": ""นายวิชัย ปัญญา"", ""party"": ""ไทยทรัพย์ทวี"", ""votes"": null}, {""number"": 2, ""name"": ""นายธนกฤต จรรย์โกมล"", ""party"": ""ภูมิใจไทย"", ""votes"": null}, {""number"": 3, ""name"": ""ส.อ.นิติภัส สุภาพงษ์นันทกุล"", ""party"": ""รวมไทยสร้างชาติ"", ""votes"": null}, {""number"": 4, ""name"": ""นายสุขสันต์ ชื่นจิตร"", ""party"": ""กล้าธรรม 105"", ""votes"": null}, {""number"": 5, ""name"": ""นายศิวะ พงศ์ธีระดุลย์"", ""party"": ""เพื่อไทย"", ""votes"": 154}, {""number"": 6, ""name"": ""นายอภิเดช ประทุมแก้ว"", ""party"": ""ประชาชน"", ""votes"": null}, {""number"": 7, ""name"": ""นายศรคม ชา"", ""party"": ""พลังประชารัฐ"", ""votes"": null}, {""number"": 8, ""name"": ""นายหนูเสน พรมวงศ์"", ""party"": ""ทางเลือกใหม่"", ""votes"": null}, {""number"": 9, ""name"": ""นายจงเจริญ เอกทวีกุล"", ""party"": null, ""votes"": null}, {""number"": 10, ""name"": ""นายปิยชัย โชติมาวณิช"", ""party"": ""เศรษฐกิจ"", ""votes"": null}]"
เขตเลือกตั้งที่ 7\อำเภอเมืองชัยภูมิ (เฉพาะ ต.ซับสีทอง และ ต.ท่าหินโงม)\ต.ซับสีทอง-แบ่งเขต-หน่วยที่ 1-13.pdf,1,26,ชัยภูมิ,7,เมืองชัยภูมิ (เฉพาะ ต.ซับสีทอง และ ต.ท่าหินโงม),ซับสีทอง,1-13,แบ่งเขต,สส.5/18,แบ่งเขต,7,1,1,าล,บัดนี้,108,440,221,480,223,5,20,6,11,"[{""number"": 1, ""name"": ""นายกิตติธัช คำวงษ์"", ""party"": ""ประชาชน"", ""votes"": 151}, {""number"": 1, ""name"": ""นายจอมจักรภพ วัชระจินดาวัฒนะ"", ""party"": ""เพื่อไทย"", ""votes"": 122}, {""number"": 2, ""name"": ""นายอดิเรก ดวงวันนี"", ""party"": ""ประชาธิปไตยใหม่"", ""votes"": null}, {""number"": 3, ""name"": ""นายชานนท์ ต่อสกุล"", ""party"": null, ""votes"": null}, {""number"": 4, ""name"": ""นายกิติพร เศรษฐภูมิภักดี"", ""party"": ""รวมไทยสร้างชาติ"", ""votes"": null}, {""number"": 5, ""name"": ""นายอัครแสนคีรี โล่ห์วีระ"", ""party"": ""ภูมิใจไทย"", ""votes"": 150}, {""number"": 7, ""name"": ""นางสาวปัญชลีย์ วัฒนชัยศาสตร์"", ""party"": ""พลังประชารัฐ"", ""votes"": null}, {""number"": 7, ""name"": ""นายพลากร ภูมินอก"", ""party"": ""ประชาธิปัตย์"", ""votes"": null}, {""number"": 8, ""name"": ""นายธีรวุฒิ พงษ์จันทร์"", ""party"": ""ไทยก้าวใหม่"", ""votes"": null}, {""number"": 10, ""name"": ""นางสุชามนต์ เครือเครา"", ""party"": ""ไทยทรัพย์ทวี"", ""votes"": null}, {""number"": 11, ""name"": ""นางอรุณณี งามจิตสุวรรณ"", ""party"": null, ""votes"": null}]"
เขตเลือกตั้งที่ 7\อำเภอเมืองชัยภูมิ (เฉพาะ ต.ซับสีทอง และ ต.ท่าหินโงม)\ต.ซับสีทอง-แบ่งเขต-หน่วยที่ 1-13.pdf,2,26,ชัยภูมิ,7,เมืองชัยภูมิ (เฉพาะ ต.ซับสีทอง และ ต.ท่าหินโงม),ซับสีทอง,1-13,แบ่งเขต,สส.5/18,,,,,,,,,,,,,,,0,[]
เขตเลือกตั้งที่ 7\อำเภอเมืองชัยภูมิ (เฉพาะ ต.ซับสีทอง และ ต.ท่าหินโงม)\ต.ซับสีทอง-แบ่งเขต-หน่วยที่ 1-13.pdf,3,26,ชัยภูมิ,7,เมืองชัยภูมิ (เฉพาะ ต.ซับสีทอง และ ต.ท่าหินโงม),ซับสีทอง,1-13,แบ่งเขต,สส.5/18,แบ่งเขต,7,,,รับ,เขตที่ราบภูมิ,10,130,221,222,60,2,60,128,11,"[{""number"": 1, ""name"": ""นายกิตติธัช คำวงษ์"", ""party"": ""ประชาชน"", ""votes"": null}, {""number"": 1, ""name"": ""นายธีรวุฒิ พงษ์จันทร์"", ""party"": ""ไทยก้าวใหม่"", ""votes"": null}, {""number"": 2, ""name"": ""นายกิติพร เศรษฐภูมิภักดี"", ""party"": ""รวมไทยสร้างชาติ"", ""votes"": null}, {""number"": 3, ""name"": ""นายชานนท์ ต่อสกุล"", ""party"": ""ภูมิใจไทย"", ""votes"": null}, {""number"": 4, ""name"": ""นายอัครแสนคีรี โล่ห์วีระ"", ""party"": ""กล้าธรรม"", ""votes"": 8}, {""number"": 5, ""name"": ""นางสาวปัญชลีย์ วัฒนชัยศาสตร์"", ""party"": ""พลังประชารัฐ"", ""votes"": null}, {""number"": 6, ""name"": ""นายจอมจักรภพ วัชระจินดาวัฒนะ"", ""party"": ""เพื่อไทย"", ""votes"": null}, {""number"": 7, ""name"": ""นายพลากร ภูมินอก"", ""party"": ""ประชาธิปัตย์"", ""votes"": null}, {""number"": 9, ""name"": ""นายอดิเรก ดวงจันนี"", ""party"": ""ประชาธิปไตยใหม่ 0"", ""votes"": null}, {""number"": 10, ""name"": ""นางสุชามนต์ เครือเครา"", ""party"": ""ไทยทรัพย์ทวี"", ""votes"": null}, {""number"": 11, ""name"": ""นางอรุณณี งามจิตสุวรรณ"", ""party"": ""เศรษฐกิจ"", ""votes"": null}]"
เขตเลือกตั้งที่ 3\อำเภอหนองบัวระเหว\วังตะเฆ่-001-แบ่งเขต0001.pdf,1,46,ชัยภูมิ,3,หนองบัวระเหว,วังตะเฆ่,001,แบ่งเขต,สส.5/18,แบ่งเขต,3,9,9,ผังตะเฆ่,หนองระเว,,,221,222,223,23,10,,5,"[{""number"": 1, ""name"": ""นายสัมฤทธิ์ แทนทรัพย์"", ""party"": null, ""votes"": null}, {""number"": 2, ""name"": ""นายวีระ ถนอมธรรม"", ""party"": null, ""votes"": null}, {""number"": 3, ""name"": ""นายกฤษณ์ คูณรัตนศิริ"", ""party"": ""ประชาชน"", ""votes"": null}, {""number"": 4, ""name"": ""นางสาวพิศมัย สร้อยสุวรรณ"", ""party"": ""ประชาธิปัตย์"", ""votes"": null}, {""number"": 5, ""name"": ""นายสนั่น พัชรเดชโสภณ"", ""party"": ""เพื่อไทย"", ""votes"": null}]"
เขตเลือกตั้งที่ 3\อำเภอหนองบัวระเหว\วังตะเฆ่-001-แบ่งเขต0001.pdf,2,46,ชัยภูมิ,3,หนองบัวระเหว,วังตะเฆ่,001,แบ่งเขต,สส.5/18,,,,,,,,,,,,,,,0,[]
เขตเลือกตั้งที่ 3\อำเภอหนองบัวระเหว\วังตะเฆ่-001-แบ่งเขต0001.pdf,3,46,ชัยภูมิ,3,หนองบัวระเหว,วังตะเฆ่,001,แบ่งเขต,สส.5/18,แบ่งเขต,3,,,,หนาวน,15,24,221,400,223,23,9,227,4,"[{""number"": 2, ""name"": ""นายวีระ ถนอมธรรม"", ""party"": ""รวมไทยสร้างชาติ"", ""votes"": 207}, {""number"": 3, ""name"": ""นางสาวพิศมัย สร้อยสุวรรณ"", ""party"": ""ประชาชน"", ""votes"": null}, {""number"": 4, ""name"": ""นายกฤษณ์ คูณรัตนศิริ"", ""party"": null, ""votes"": null}, {""number"": 5, ""name"": ""นายสนั่น พัชรเดชโสภณ"", ""party"": ""เพื่อไทย"", ""votes"": 6}]"
เขตเลือกตั้งที่ 4\อำเภอหนองบัวแดง\แบ่งเขต\ต.กุดชุมแสง-แบ่งเขต-หน่วยที่ 1-21.pdf,1,42,ชัยภูมิ,4,หนองบัวแดง,กุดชุมแสง,1-21,แบ่งเขต,สส.5/18,แบ่งเขต,4,,,วง,หนองบัวแดง,427,256,256,222,223,23,243,3808,7,"[{""number"": 1, ""name"": ""นางสาวกาญจนา จังหวะ"", ""party"": ""กล้าธรรม"", ""votes"": 157}, {""number"": 2, ""name"": ""นายสิทธิพล ภูธรณ์"", ""party"": ""ประชาชน"", ""votes"": null}, {""number"": 3, ""name"": ""นางสาวน้ำฝน หอมชาลี"", ""party"": ""ประชาธิปัตย์"", ""votes"": null}, {""number"": 4, ""name"": ""นายณรงค์ฤทธิ์ มอบสันเทียะ"", ""party"": ""รวมไทยสร้างชาติ"", ""votes"": null}, {""number"": 5, ""name"": ""นางสาวสุชาดา ซาง แทนทรัพย์"", ""party"": ""ภูมิใจไทย"", ""votes"": null}, {""number"": 6, ""name"": ""นางสาวนงค์คราญ ฤๅชาญ"", ""party"": ""ประชาธิปไตยใหม่"", ""votes"": 9}, {""number"": 8, ""name"": ""นายชาติชาย อาจสนาม"", ""party"": ""เศรษฐกิจ"", ""votes"": null}]"
เขตเลือกตั้งที่ 4\อำเภอหนองบัวแดง\แบ่งเขต\ต.กุดชุมแสง-แบ่งเขต-หน่วยที่ 1-21.pdf,2,42,ชัยภูมิ,4,หนองบัวแดง,กุดชุมแสง,1-21,แบ่งเขต,สส.5/18,,,,,,,,,,,,,,,0,[]
เขตเลือกตั้งที่ 4\อำเภอหนองบัวแดง\แบ่งเขต\ต.กุดชุมแสง-แบ่งเขต-หน่วยที่ 1-21.pdf,3,42,ชัยภูมิ,4,หนองบัวแดง,กุดชุมแสง,1-21,แบ่งเขต,สส.5/18,แบ่งเขต,4,,,วง,หนา,41,24,221,222,223,23,460,201,8,"[{""number"": 1, ""name"": ""นายวรฉัตร พงศ์ธีระดุลย์"", ""party"": ""เพื่อไทย"", ""votes"": null}, {""number"": 2, ""name"": ""นายสิทธิพล ภูธรณ์"", ""party"": ""ประชาชน"", ""votes"": 28}, {""number"": 3, ""name"": ""นางสาวนํ้าฝน หอมชาลี"", ""party"": ""ประชาธิปัตย์"", ""votes"": null}, {""number"": 4, ""name"": ""นายณรงค์ฤทธิ์ มอบสันเทียะ"", ""party"": ""รวมไทยสร้างชาติ"", ""votes"": null}, {""number"": 5, ""name"": ""นางสาวสุชาดา ซาง แทนทรัพย์"", ""party"": ""ภูมิใจไทย"", ""votes"": null}, {""number"": 6, ""name"": ""นางสาวกาญจนา จังหวะ"", ""party"": ""กล้าธรรม"", ""votes"": 66}, {""number"": 7, ""name"": ""นางสาวนงค์คราญ ฤๅชาญ"", ""party"": ""ประชาธิปไตยใหม่"", ""votes"": null}, {""number"": 8, ""name"": ""นายชาติชาย อาจสนาม"", ""party"": ""เศรษฐกิจ"", ""votes"": null}]"
เขตเลือกตั้งที่ 2\อำเภอจัตุรัส\ต.หนองบัวบาน-แบ่งเขต_บัญชีรายชื่อ.pdf,2,108,ชัยภูมิ,2,จัตุรัส,หนองบัวบาน,,แบ่งเขต+บัญชีรายชื่อ,สส.5/18,,,,,,,,,,,,,,,0,[]
เขตเลือกตั้งที่ 2\อำเภอจัตุรัส\ต.หนองบัวบาน-แบ่งเขต_บัญชีรายชื่อ.pdf,3,108,ชัยภูมิ,2,จัตุรัส,หนองบัวบาน,,แบ่งเขต+บัญชีรายชื่อ,สส.5/18,บัญชีรายชื่อ,2,9,2,ลว,เสร็จสิ้นเป็นที่เรียบร้อยแล้ว,2,16,221,222,40,,152,,0,[]
เขตเลือกตั้งที่ 2\02-แบบ ส.ส. 5_17-บัญชีรายชื่อ-นอกเขต.pdf,1,32,ชัยภูมิ,2,,,,บัญชีรายชื่อ,สส.5/17,บัญชีรายชื่อ,2,,,,,,,,22,674,,,,0,[]
เขตเลือกตั้งที่ 2\02-แบบ ส.ส. 5_17-บัญชีรายชื่อ-นอกเขต.pdf,2,32,ชัยภูมิ,2,,,,บัญชีรายชื่อ,สส.5/17,บัญชีรายชื่อ,,,,,,,,,,,,,,0,[]
เขตเลือกตั้งที่ 2\02-แบบ ส.ส. 5_17-บัญชีรายชื่อ-นอกเขต.pdf,3,32,ชัยภูมิ,2,,,,บัญชีรายชื่อ,สส.5/17,บัญชีรายชื่อ,,,,,,,,,,,,,700,0,[]
เขตเลือกตั้งที่ 6\อำเภอบ้านแท่น\แบ่งเขต\ต.บ้านเต่า-แบ่งเขต-หน่วยที่ 1-16.pdf,1,32,ชัยภูมิ,6,บ้านแท่น,บ้านเต่า,1-16,แบ่งเขต,สส.5/18,แบ่งเขต,,,,บ้านนา,บ้านแท่น,9,9,221,222,223,23,240,176,7,"[{""number"": 1, ""name"": ""นายแทนยุทธพงษ์ วงษ์วัชรวานิช"", ""party"": ""ประชาชน 14."", ""votes"": null}, {""number"": 2, ""name"": ""นายเสถียรพงศ์ เที่ยงตรง"", ""party"": ""ประชาธิปัตย์"", ""votes"": null}, {""number"": 3, ""name"": ""นางสาวบัวพันธ์ ผ่อนจรุง"", ""party"": ""ประชาธิปไตยใหม่ 1"", ""votes"": null}, {""number"": 4, ""name"": ""นายรุ่งโรจน์ ภูศักดิ์"", ""party"": ""รวมไทยสร้างชาติ"", ""votes"": null}, {""number"": 5, ""name"": ""นายเชวงศักดิ์"", ""party"": ""เร่งไพบูลย์วงษ์"", ""votes"": 131}, {""number"": 6, ""name"": ""นางสาววิเมลือง แก้วศิริ"", ""party"": ""เพื่อไทย"", ""votes"": null}, {""number"": 27, ""name"": ""นายสากล มาชัยภูมิ"", ""party"": ""เศรษฐกิจ"", ""votes"": null}]"
เขตเลือกตั้งที่ 6\อำเภอบ้านแท่น\แบ่งเขต\ต.บ้านเต่า-แบ่งเขต-หน่วยที่ 1-16.pdf,2,32,ชัยภูมิ,6,บ้านแท่น,บ้านเต่า,1-16,แบ่งเขต,สส.5/18,,,,,,,,,,,,,,,0,[]
เขตเลือกตั้งที่ 6\อำเภอบ้านแท่น\แบ่งเขต\ต.บ้านเต่า-แบ่งเขต-หน่วยที่ 1-16.pdf,3,32,ชัยภูมิ,6,บ้านแท่น,บ้านเต่า,1-16,แบ่งเขต,สส.5/18,แบ่งเขต,6,2,,บ้าน,ประเ,,,221,222,223,23,,321,7,"[{""number"": 1, ""name"": ""นายเสถียรพงศ์ เที่ยงตรง"", ""party"": ""ประชาธิปัตย์"", ""votes"": 3}, {""number"": 2, ""name"": ""นายแทนยุทธพงษ์ วงษ์วัชรวานิช"", ""party"": ""ประชาชน .38 . ( 12"", ""votes"": null}, {""number"": 3, ""name"": ""นางสาวบัวพันธ์ ผ่อนจรุง"", ""party"": ""ประชาธิปไตยใหม่ .......... ( 4"", ""votes"": null}, {""number"": 4, ""name"": ""นายรุ่งโรจน์ ภูศักดิ์"", ""party"": ""รวมไทยสร้างชาติ"", ""votes"": 40}, {""number"": 5, ""name"": ""นายเชวงศักดิ์ เร่งไพบูลย์วงษ์"", ""party"": ""ภูมิใจไทย"", ""votes"": 123}, {""number"": 6, ""name"": ""นางสาววิเมลือง แก้วศิริ"", ""party"": ""เพื่อไทย"", ""votes"": 3}, {""number"": 7, ""name"": ""นายสากล มาชัยภูมิ"", ""party"": ""เศรษฐกิจ"", ""votes"": null}]"
เขตเลือกตั้งที่ 6\อำเภอภูเขียว\แบ่งเขต\ทต.ผักปัง-แบ่งเขต-หน่วยที่ 1-8.pdf,1,16,ชัยภูมิ,6,ภูเขียว,ผักปัง,1-8,แบ่งเขต,สส.5/18,แบ่งเขต,6,1,1,าล,ขต,52,223,500,22,223,42,,3015,7,"[{""number"": 1, ""name"": ""นายเสถียรพงศ์ เที่ยงตรง"", ""party"": ""ประชาธิปัตย์"", ""votes"": null}, {""number"": 2, ""name"": ""นายรุ่งโรจน์ ภูศักดิ์"", ""party"": null, ""votes"": null}, {""number"": 3, ""name"": ""นางสาวบัวพันธ์"", ""party"": ""ผ่อนจรุง"", ""votes"": null}, {""number"": 4, ""name"": ""นางสาววิเมลือง แก้วศิริ"", ""party"": ""รวมไทยสร้างชาติ |"", ""votes"": 194}, {""number"": 5, ""name"": ""นายเชวงศักดิ์ เร่งไพบูลย์วงษ์"", ""party"": null, ""votes"": null}, {""number"": 7, ""name"": ""นายสากล มาชัยภูมิ"", ""party"": ""เศรษฐกิจ"", ""votes"": null}, {""number"": 10, ""name"": ""นายแทนยุทธพงษ์ วงษ์วัชรวานิช"", ""party"": ""ประชาชน"", ""votes"": null}]"
เขตเลือกตั้งที่ 6\อำเภอภูเขียว\แบ่งเขต\ทต.ผักปัง-แบ่งเขต-หน่วยที่ 1-8.pdf,2,16,ชัยภูมิ,6,ภูเขียว,ผักปัง,1-8,แบ่งเขต,สส.5/18,,,,,,,,,,,,,,,0,[]
เขตเลือกตั้งที่ 6\อำเภอภูเขียว\แบ่งเขต\ทต.ผักปัง-แบ่งเขต-หน่วยที่ 1-8.pdf,3,16,ชัยภูมิ,6,ภูเขียว,ผักปัง,1-8,แบ่งเขต,สส.5/18,แบ่งเขต,6,,,,ขต,584,21,221,222,223,23,260,368,7,"[{""number"": 1, ""name"": ""นายเสถียรพงศ์ เที่ยงตรง"", ""party"": ""ประชาธิปัตย์"", ""votes"": null}, {""number"": 2, ""name"": ""นายแทนยุทธพงษ์ วงษ์วัชรวานิช"", ""party"": ""ประชาชน"", ""votes"": 69}, {""number"": 3, ""name"": ""นางสาวบัวพันธ์ ผ่อนจรุง"", ""party"": ""ประชาธิปไตยใหม่"", ""votes"": null}, {""number"": 4, ""name"": ""นายรุ่งโรจน์ ภูศักดิ์"", ""party"": ""รวมไทยสร้างชาติ"", ""votes"": null}, {""number"": 5, ""name"": ""นายเชวงศักดิ์ เร่งไพบูลย์วงษ์"", ""party"": ""ภูมิใจไทย"", ""votes"": null}, {""number"": 6, ""name"": ""นางสาววิเมลือง แก้วศิริ"", ""party"": ""เพื่อไทย"", ""votes"": null}, {""number"": 7, ""name"": ""นายสากล มาชัยภูมิ"", ""party"": ""เศรษฐกิจ"", ""votes"": null}]"
เขตเลือกตั้งที่ 6\06-แบบ ส.ส. 5_17-บัญชีรายชื่อ-นอกเขต.pdf,1,32,ชัยภูมิ,6,,,,บัญชีรายชื่อ,สส.5/17,บัญชีรายชื่อ,2,,,,,,,,6,23,,,,0,[]
เขตเลือกตั้งที่ 6\06-แบบ ส.ส. 5_17-บัญชีรายชื่อ-นอกเขต.pdf,2,32,ชัยภูมิ,6,,,,บัญชีรายชื่อ,สส.5/17,บัญชีรายชื่อ,,,,,,,,,,,,,,0,[]
เขตเลือกตั้งที่ 6\06-แบบ ส.ส. 5_17-บัญชีรายชื่อ-นอกเขต.pdf,3,32,ชัยภูมิ,6,,,,บัญชีรายชื่อ,สส.5/17,บัญชีรายชื่อ,,,,,,,,,,,,,,0,[]
เขตเลือกตั้งที่ 4\อำเภอหนองบัวแดง\แบ่งเขต\ต.นางแดด-แบ่งเขต-หน่วยที่ 1-23.pdf,1,46,ชัยภูมิ,4,หนองบัวแดง,นางแดด,1-23,แบ่งเขต,สส.5/18,แบ่งเขต,4,,,าล,,4,4,221,222,223,23,24,397,8,"[{""number"": 1, ""name"": ""นายวรฉัตร พงศ์ธีระดุลย์"", ""party"": ""สังกัด"", ""votes"": null}, {""number"": 2, ""name"": ""นายสิทธิพล"", ""party"": ""ภูธรณ์"", ""votes"": null}, {""number"": 3, ""name"": ""นางสาวน้ำฝน หอมชาลี"", ""party"": ""ประชาชน"", ""votes"": 0}, {""number"": 4, ""name"": ""นายณรงค์ฤทธิ์ มอบสันเทียะ"", ""party"": ""รวมไทยสร้างชาติ"", ""votes"": null}, {""number"": 5, ""name"": ""นางสาวสุชาดา ซาง แทนทรัพย์"", ""party"": ""ภูมิใจไทย"", ""votes"": 266}, {""number"": 6, ""name"": ""นางสาวกาญจนา จังหวะ"", ""party"": ""กล้าธรรม"", ""votes"": null}, {""number"": 7, ""name"": ""นางสาวนงค์คราญ ฤๅชาญ"", ""party"": ""ประชาธิปไตยใหม่"", ""votes"": null}, {""number"": 8, ""name"": ""นายชาติชาย อาจสนาม"", ""party"": ""เศรษฐกิจ"", ""votes"": null}]"
เขตเลือกตั้งที่ 4\อำเภอหนองบัวแดง\แบ่งเขต\ต.นางแดด-แบ่งเขต-หน่วยที่ 1-23.pdf,2,46,ชัยภูมิ,4,หนองบัวแดง,นางแดด,1-23,แบ่งเขต,สส.5/18,,,,,,,,,,,,,,,0,[]
เขตเลือกตั้งที่ 4\อำเภอหนองบัวแดง\แบ่งเขต\ต.นางแดด-แบ่งเขต-หน่วยที่ 1-23.pdf,3,46,ชัยภูมิ,4,หนองบัวแดง,นางแดด,1-23,แบ่งเขต,สส.5/18,แบ่งเขต,4,2,,าล,ขต,53,44,221,222,223,23,444,444,8,"[{""number"": 1, ""name"": ""นายวรฉัตร พงศ์ธีระดุลย์"", ""party"": ""สังกัด"", ""votes"": null}, {""number"": 2, ""name"": ""นายสิทธิพล ภูธรณ์"", ""party"": ""ประชาชน"", ""votes"": null}, {""number"": 2, ""name"": ""นางสาวสุชาดา ซาง แทนทรัพย์"", ""party"": ""ภูมิใจไทย"", ""votes"": 24}, {""number"": 3, ""name"": ""นางสาวน้ำฝน หอมชาลี"", ""party"": ""ประชาธิปัตย์"", ""votes"": null}, {""number"": 4, ""name"": ""นายณรงค์ฤทธิ์ มอบสันเทียะ"", ""party"": ""รวมไทยสร้างชาติ"", ""votes"": null}, {""number"": 5, ""name"": ""นางสาวกาญจนา จังหวะ"", ""party"": ""กล้าธรรม"", ""votes"": null}, {""number"": 7, ""name"": ""นางสาวนงค์คราญ ฤชาญ"", ""party"": ""ประชาธิปไตยใหม่"", ""votes"": null}, {""number"": 8, ""name"": ""นายชาติชาย อาจสนาม"", ""party"": ""เศรษฐกิจ"", ""votes"": null}]"
เขตเลือกตั้งที่ 3\ส.ส. 5 ทับ 17-แบ่งเขต.pdf,2,12,ชัยภูมิ,3,,,,แบ่งเขต,สส.5/18,,,,,,,,,,,,,,,0,[]
เขตเลือกตั้งที่ 2\อำเภอจัตุรัส\ต.หนองบัวโคก-แบ่งเขต_บัญชีรายชื่อ.pdf,2,86,ชัยภูมิ,2,จัตุรัส,หนองบัวโคก,,แบ่งเขต+บัญชีรายชื่อ,สส.5/18,,,,,,,,,,,,,,,0,[]
เขตเลือกตั้งที่ 2\อำเภอจัตุรัส\ต.หนองบัวโคก-แบ่งเขต_บัญชีรายชื่อ.pdf,3,86,ชัยภูมิ,2,จัตุรัส,หนองบัวโคก,,แบ่งเขต+บัญชีรายชื่อ,สส.5/18,บัญชีรายชื่อ,,1,,าล,,49,269,490,222,294,,19,,0,[]
เขตเลือกตั้งที่ 6\อำเภอบ้านแท่น\แบ่งเขต\ต.สามสวน-แบ่งเขต-หน่วยที่ 1-18.pdf,1,36,ชัยภูมิ,6,บ้านแท่น,สามสวน,1-18,แบ่งเขต,สส.5/18,แบ่งเขต,6,,,เขตเลือกตั้งที่,ขต,99,42,221,222,223,23,460,9921,7,"[{""number"": 1, ""name"": ""นายเสถียรพงศ์ เที่ยงตรง"", ""party"": ""ผู้สมัครรับเลือกตั้ง"", ""votes"": null}, {""number"": 2, ""name"": ""นายแทนยุทธพงษ์ วงษ์วัชรวานิช"", ""party"": ""ประชาชน"", ""votes"": null}, {""number"": 3, ""name"": ""นางสาวบัวพันธ์ ผ่อนจรุง"", ""party"": ""ประชาธิปไตยใหม่"", ""votes"": null}, {""number"": 4, ""name"": ""นายรุ่งโรจน์ ภูศักดิ์"", ""party"": ""รวมไทยสร้างชาติ"", ""votes"": 9920}, {""number"": 5, ""name"": ""นายเชวงศักดิ์ เร่งไพบูลย์วงษ์"", ""party"": ""ภูมิใจไทย"", ""votes"": 164}, {""number"": 6, ""name"": ""นางสาววิเมลือง แก้วศิริ"", ""party"": ""เพื่อไทย"", ""votes"": null}, {""number"": 7, ""name"": ""นายสากล มาชัยภูมิ"", ""party"": ""เศรษฐกิจ"", ""votes"": 60}]"
เขตเลือกตั้งที่ 6\อำเภอบ้านแท่น\แบ่งเขต\ต.สามสวน-แบ่งเขต-หน่วยที่ 1-18.pdf,2,36,ชัยภูมิ,6,บ้านแท่น,สามสวน,1-18,แบ่งเขต,สส.5/18,,,,,,,,,,,,,,,0,[]
เขตเลือกตั้งที่ 6\อำเภอบ้านแท่น\แบ่งเขต\ต.สามสวน-แบ่งเขต-หน่วยที่ 1-18.pdf,3,36,ชัยภูมิ,6,บ้านแท่น,สามสวน,1-18,แบ่งเขต,สส.5/18,แบ่งเขต,6,2,,าล,ขต,51,51,221,222,223,23,550,320,7,"[{""number"": 1, ""name"": ""นายเสถียรพงศ์ เที่ยงตรง"", ""party"": ""ประชาธิปัตย์"", ""votes"": null}, {""number"": 2, ""name"": ""นายแทนยุทธพงษ์ วงษ์วัชรวานิช"", ""party"": null, ""votes"": null}, {""number"": 3, ""name"": ""นางสาวบัวพันธ์ ผ่อนจรุง"", ""party"": null, ""votes"": null}, {""number"": 4, ""name"": ""นายรุ่งโรจน์ ภูศักดิ์"", ""party"": ""ประชาชน"", ""votes"": 3}, {""number"": 5, ""name"": ""นายเชวงศักดิ์ เร่งไพบูลย์วงษ์"", ""party"": ""ภูมิใจไทย"", ""votes"": 220}, {""number"": 6, ""name"": ""นางสาววิเมลือง แก้วศิริ"", ""party"": ""เพื่อไทย"", ""votes"": 64}, {""number"": 7, ""name"": ""นายสากล มาชัยภูมิ"", ""party"": ""เศรษฐกิจ"", ""votes"": null}]"
เขตเลือกตั้งที่ 6\อำเภอภูเขียว\แบ่งเขต\บ้านเพชร-แบ่งเขต-หน่วยที่ 1-5.pdf,2,10,ชัยภูมิ,6,ภูเขียว,,1-5,แบ่งเขต,สส.5/18,,,,,,,,,,,,,,,0,[]
เขตเลือกตั้งที่ 5\05-แบบ ส.ส. 5_17-บัญชีรายชื่อ-นอกเขต.pdf,1,32,ชัยภูมิ,5,,,,บัญชีรายชื่อ,สส.5/17,บัญชีรายชื่อ,,,,,,,,,22,662,,,,0,[]
เขตเลือกตั้งที่ 5\05-แบบ ส.ส. 5_17-บัญชีรายชื่อ-นอกเขต.pdf,2,32,ชัยภูมิ,5,,,,บัญชีรายชื่อ,สส.5/17,บัญชีรายชื่อ,,,,,,,,,,,,,,0,[]
เขตเลือกตั้งที่ 5\05-แบบ ส.ส. 5_17-บัญชีรายชื่อ-นอกเขต.pdf,3,32,ชัยภูมิ,5,,,,บัญชีรายชื่อ,สส.5/17,บัญชีรายชื่อ,,,,,,,,,,,,,662,0,[]
เขตเลือกตั้งที่ 6\อำเภอภูเขียว\แบ่งเขต\กุดยม-แบ่งเขต-หน่วยที่ 1-9.pdf,1,18,ชัยภูมิ,6,ภูเขียว,,1-9,แบ่งเขต,สส.5/18,แบ่งเขต,5,1,1,าล,ขต,432,32,221,222,223,23,392,363,7,"[{""number"": 1, ""name"": ""นายรุ่งโรจน์ ภูศักดิ์"", ""party"": ""รวมไทยสร้างชาติ"", ""votes"": null}, {""number"": 2, ""name"": ""นายเสถียรพงศ์ เที่ยงตรง"", ""party"": ""ประชาธิปัตย์ ......"", ""votes"": null}, {""number"": 3, ""name"": ""นายแทนยุทธพงษ์ วงษ์วัชรวานิช"", ""party"": ""ประชาชน"", ""votes"": null}, {""number"": 4, ""name"": ""นางสาววิเมลือง แก้วศิริ"", ""party"": ""เพื่อไทย"", ""votes"": 125}, {""number"": 5, ""name"": ""นายเชวงศักดิ์ เร่งไพบูลย์วงษ์"", ""party"": ""ภูมิใจไทย"", ""votes"": 199}, {""number"": 6, ""name"": ""นายสากล มาชัยภูมิ"", ""party"": ""เศรษฐกิจ"", ""votes"": null}, {""number"": 26, ""name"": ""นางสาวบัวพันธ์ ผ่อนจรุง"", ""party"": null, ""votes"": 440}]"
เขตเลือกตั้งที่ 6\อำเภอภูเขียว\แบ่งเขต\กุดยม-แบ่งเขต-หน่วยที่ 1-9.pdf,2,18,ชัยภูมิ,6,ภูเขียว,,1-9,แบ่งเขต,สส.5/18,,,,,,,,,,,,,,,0,[]
เขตเลือกตั้งที่ 6\อำเภอภูเขียว\แบ่งเขต\บ้านแก้ง-แบ่งเขต-หน่วยที่ 1-22.pdf,1,44,ชัยภูมิ,6,ภูเขียว,,1-22,แบ่งเขต,สส.5/18,แบ่งเขต,6,1,1,เขตเลือกตั้งที่,เที่ยว,600,,680,222,223,23,,369,7,"[{""number"": 1, ""name"": ""นายเสถียรพงศ์ เที่ยงตรง"", ""party"": ""ประชาธิปัตย์"", ""votes"": null}, {""number"": 2, ""name"": ""นายแทนยุทธพงษ์ วงษ์วัชรวานิช"", ""party"": ""ประชาชน"", ""votes"": 48}, {""number"": 3, ""name"": ""นางสาวบัวพันธ์ ผ่อนจรุง"", ""party"": ""ประชาธิปไตยใหม่"", ""votes"": 905}, {""number"": 4, ""name"": ""นายรุ่งโรจน์ ภูศักดิ์"", ""party"": ""รวมไทยสร้างชาติ"", ""votes"": 6}, {""number"": 5, ""name"": ""นายเชวงศักดิ์ เร่งไพบูลย์วงษ์"", ""party"": ""ภูมิใจไทย"", ""votes"": 255}, {""number"": 6, ""name"": ""นางสาววิเมลือง แก้วศิริ"", ""party"": ""เพื่อไทย"", ""votes"": 4}, {""number"": 7, ""name"": ""นายสากล มาชัยภูมิ"", ""party"": ""เศรษฐกิจ"", ""votes"": null}]"
เขตเลือกตั้งที่ 6\อำเภอภูเขียว\แบ่งเขต\บ้านแก้ง-แบ่งเขต-หน่วยที่ 1-22.pdf,2,44,ชัยภูมิ,6,ภูเขียว,,1-22,แบ่งเขต,สส.5/18,,,,,,,,,,,,,,,0,[]
เขตเลือกตั้งที่ 6\อำเภอภูเขียว\แบ่งเขต\บ้านดอน-แบ่งเขต-หน่วยที่ 1-11.pdf,2,22,ชัยภูมิ,6,ภูเขียว,,1-11,แบ่งเขต,สส.5/18,,,,,,,,,,,,,,,0,[]
เขตเลือกตั้งที่ 6\อำเภอภูเขียว\แบ่งเขต\บ้านดอน-แบ่งเขต-หน่วยที่ 1-11.pdf,3,22,ชัยภูมิ,6,ภูเขียว,,1-11,แบ่งเขต,สส.5/18,แบ่งเขต,6,2,2,าล,เสร็จสิ้นเป็นที่เรียบร้อยแล้ว,16,16,221,222,223,23,360,346,7,"[{""number"": 1, ""name"": ""นายเสถียรพงศ์ เที่ยงตรง"", ""party"": ""สังกัด"", ""votes"": null}, {""number"": 2, ""name"": ""นายแทนยุทธพงษ์ วงษ์วัชรวานิช"", ""party"": ""ประชาชน"", ""votes"": null}, {""number"": 3, ""name"": ""นางสาวบัวพันธ์ ผ่อนจรุง"", ""party"": ""ประชาธิปไตยใหม่"", ""votes"": null}, {""number"": 4, ""name"": ""นายรุ่งโรจน์ ภูศักดิ์"", ""party"": ""รวมไทยสร้างชาติ"", ""votes"": null}, {""number"": 5, ""name"": ""นายเชวงศักดิ์ เร่งไพบูลย์วงษ์"", ""party"": ""ภูมิใจไทย"", ""votes"": 176}, {""number"": 6, ""name"": ""นางสาววิเมลือง แก้วศิริ"", ""party"": ""เพื่อไทย"", ""votes"": null}, {""number"": 7, ""name"": ""นายสากล มาชัยภูมิ"", ""party"": ""เศรษฐกิจ"", ""votes"": null}]"
เขตเลือกตั้งที่ 6\อำเภอภูเขียว\แบ่งเขต\ทต.บ้านเพชรภูเขียว-แบ่งเขต-หน่วยที่ 1-9.pdf,1,18,ชัยภูมิ,6,ภูเขียว,บ้านเพชรภูเขียว,1-9,แบ่งเขต,สส.5/18,แบ่งเขต,6,,,บ้านเพชร,ขต,,,221,222,223,23,640,180752,7,"[{""number"": 1, ""name"": ""นายเสถียรพงศ์ เที่ยงตรง"", ""party"": null, ""votes"": null}, {""number"": 2, ""name"": ""นายแทนยุทธพงษ์ วงษ์วัชรวานิช"", ""party"": ""ประชาชน"", ""votes"": null}, {""number"": 3, ""name"": ""นางสาวบัวพันธ์ ผ่อนจรุง"", ""party"": ""ประชาธิปไตยใหม่"", ""votes"": null}, {""number"": 4, ""name"": ""นายรุ่งโรจน์ ภู่ศักดิ์"", ""party"": ""รวมไทยสร้างชาติ"", ""votes"": 5721}, {""number"": 5, ""name"": ""นายเชวงศักดิ์ เร่งไพบูลย์วงษ์"", ""party"": ""ภูมิใจไทย"", ""votes"": 258}, {""number"": 6, ""name"": ""นางสาววิเมลือง แก้วศิริ"", ""party"": ""เพื่อไทย"", ""votes"": 48}, {""number"": 7, ""name"": ""นายสากล มาชัยภูมิ"", ""party"": ""เศรษฐกิจ"", ""votes"": null}]"
เขตเลือกตั้งที่ 6\อำเภอภูเขียว\แบ่งเขต\ทต.บ้านเพชรภูเขียว-แบ่งเขต-หน่วยที่ 1-9.pdf,2,18,ชัยภูมิ,6,ภูเขียว,บ้านเพชรภูเขียว,1-9,แบ่งเขต,สส.5/18,,,,,,,,,,,,,,,0,[]
เขตเลือกตั้งที่ 2\อำเภอจัตุรัส\ต.ส้มป่อย-แบ่งเขต_บัญชีรายชื่อ.pdf,2,90,ชัยภูมิ,2,จัตุรัส,ส้มป่อย,,แบ่งเขต+บัญชีรายชื่อ,สส.5/18,,,,,,,,,,,,,,,0,[]
เขตเลือกตั้งที่ 2\อำเภอจัตุรัส\ต.ส้มป่อย-แบ่งเขต_บัญชีรายชื่อ.pdf,3,90,ชัยภูมิ,2,จัตุรัส,ส้มป่อย,,แบ่งเขต+บัญชีรายชื่อ,สส.5/18,บัญชีรายชื่อ,,,,าล,ตรัส,344,143,221,222,300,,,,0,[]
เขตเลือกตั้งที่ 2\อำเภอจัตุรัส\ต.กุดน้ำใส-แบ่งเขต_บัญชีรายชื่อ.pdf,2,103,ชัยภูมิ,2,จัตุรัส,กุดน้ำใส,,แบ่งเขต+บัญชีรายชื่อ,สส.5/18,,,,,,,,,,,,,,,0,[]
เขตเลือกตั้งที่ 2\อำเภอจัตุรัส\ต.กุดน้ำใส-แบ่งเขต_บัญชีรายชื่อ.pdf,3,103,ชัยภูมิ,2,จัตุรัส,กุดน้ำใส,,แบ่งเขต+บัญชีรายชื่อ,สส.5/18,บัญชีรายชื่อ,2,,,กุดน้ำใส,จัตุรัส,52,,221,222,520,,229,,0,[]
เขตเลือกตั้งที่ 2\อำเภอจัตุรัส\ต.ละหาน-แบ่งเขต_บัญชีรายชื่อ.pdf,1,126,ชัยภูมิ,2,จัตุรัส,ละหาน,,แบ่งเขต+บัญชีรายชื่อ,สส.5/18,แบ่งเขต,2,,,,,36,26,221,222,223,23,360,,7,"[{""number"": 1, ""name"": ""นายประเสริฐศักดิ์ ขำหินตั้ง"", ""party"": ""สังกัด"", ""votes"": null}, {""number"": 2, ""name"": ""นายโสโชค สู้โนนตาด"", ""party"": ""รวมไทยสร้างชาติ"", ""votes"": null}, {""number"": 3, ""name"": ""นายเชิงชาย ชาลีรินทร์"", ""party"": ""เพื่อไทย"", ""votes"": 16}, {""number"": 4, ""name"": ""นายณรงค์ แขนอก"", ""party"": ""ประชาธิปัตย์"", ""votes"": null}, {""number"": 5, ""name"": ""นายทัศนัย สุขประสาร"", ""party"": ""ภูมิใจไทย"", ""votes"": null}, {""number"": 8, ""name"": ""นายถวัลย์ หงษ์ไทย"", ""party"": ""เศรษฐกิจ"", ""votes"": null}, {""number"": 10, ""name"": ""นางสาววาสนา อยู่ภักดี"", ""party"": ""ประชาชน"", ""votes"": null}]"
เขตเลือกตั้งที่ 2\อำเภอจัตุรัส\ต.ละหาน-แบ่งเขต_บัญชีรายชื่อ.pdf,2,126,ชัยภูมิ,2,จัตุรัส,ละหาน,,แบ่งเขต+บัญชีรายชื่อ,สส.5/18,,,,,,,,,,,,,,,0,[]
เขตเลือกตั้งที่ 2\อำเภอจัตุรัส\ต.ละหาน-แบ่งเขต_บัญชีรายชื่อ.pdf,3,126,ชัยภูมิ,2,จัตุรัส,ละหาน,,แบ่งเขต+บัญชีรายชื่อ,สส.5/18,บัญชีรายชื่อ,,,,าล,จัตุรัส,31,24,221,222,350,,14,,0,[]
เขตเลือกตั้งที่ 6\อำเภอภูเขียว\แบ่งเขต\กวางโจน-แบ่งเขต-หน่วยที่ 1-19.pdf,1,38,ชัยภูมิ,6,ภูเขียว,,1-19,แบ่งเขต,สส.5/18,แบ่งเขต,6,1,,าล,,,,221,222,223,23,20,252,7,"[{""number"": 1, ""name"": ""นายเสถียรพงศ์ เที่ยงตรง"", ""party"": ""ประชาธิปัตย์"", ""votes"": null}, {""number"": 2, ""name"": ""นางสาวบัวพันธ์ ผ่อนจรุง"", ""party"": ""ประชาธิปไตยใหม่"", ""votes"": null}, {""number"": 3, ""name"": ""นางสาววิเมลือง แก้วศิริ"", ""party"": ""เพื่อไทย"", ""votes"": null}, {""number"": 4, ""name"": ""นายรุ่งโรจน์ ภูศักดิ์"", ""party"": ""รวมไทยสร้างชาติ"", ""votes"": null}, {""number"": 5, ""name"": ""นายเชวงศักดิ์ เร่งไพบูลย์วงษ์"", ""party"": ""ภูมิใจไทย"", ""votes"": 188}, {""number"": 6, ""name"": ""นายสากล มาชัยภูมิ"", ""party"": ""เศรษฐกิจ"", ""votes"": 24100}, {""number"": 10, ""name"": ""นายแทนยุทธพงษ์ วงษ์วัชรวานิช"", ""party"": ""ประชาชน"", ""votes"": 312}]"
เขตเลือกตั้งที่ 6\อำเภอภูเขียว\แบ่งเขต\กวางโจน-แบ่งเขต-หน่วยที่ 1-19.pdf,2,38,ชัยภูมิ,6,ภูเขียว,,1-19,แบ่งเขต,สส.5/18,,,,,,,,,,,,,,,0,[]
เขตเลือกตั้งที่ 6\อำเภอภูเขียว\แบ่งเขต\กวางโจน-แบ่งเขต-หน่วยที่ 1-19.pdf,3,38,ชัยภูมิ,6,ภูเขียว,,1-19,แบ่งเขต,สส.5/18,แบ่งเขต,6,2,4,าล,ขต,45,8,,222,8,23,1,,7,"[{""number"": 1, ""name"": ""นายเสถียรพงศ์ เที่ยงตรง"", ""party"": ""ประชาธิปัตย์"", ""votes"": null}, {""number"": 2, ""name"": ""นายรุ่งโรจน์ ภูศักดิ์"", ""party"": ""รวมไทยสร้างชาติ"", ""votes"": 2}, {""number"": 3, ""name"": ""นายแทนยุทธพงษ์ วงษ์วัชรวานิช"", ""party"": ""ประชาชน"", ""votes"": null}, {""number"": 3, ""name"": ""นางสาวบัวพันธ์ ผ่อนจรุง"", ""party"": ""ประชาธิปไตยใหม่"", ""votes"": null}, {""number"": 4, ""name"": ""นางสาววิเมลือง แก้วศิริ"", ""party"": ""เพื่อไทย"", ""votes"": null}, {""number"": 5, ""name"": ""นายเชวงศักดิ์ เร่งไพบูลย์วงษ์"", ""party"": ""ภูมิใจไทย"", ""votes"": null}, {""number"": 7, ""name"": ""นายสากล มาชัยภูมิ"", ""party"": ""เศรษฐกิจ"", ""votes"": 21}]"
เขตเลือกตั้งที่ 6\อำเภอภูเขียว\แบ่งเขต\หนองตูม-แบ่งเขต-หน่วยที่ 1-17.pdf,3,38,ชัยภูมิ,6,ภูเขียว,,1-17,แบ่งเขต,สส.5/18,แบ่งเขต,,2,1,าล,ขต,44,13,440,222,223,23,213,21,7,"[{""number"": 1, ""name"": ""นายเสถียรพงศ์ เที่ยงตรง"", ""party"": ""สังกัด"", ""votes"": null}, {""number"": 2, ""name"": ""นายแทนยุทธพงษ์ วงษ์วัชรวานิช"", ""party"": ""ประชาชน"", ""votes"": 42}, {""number"": 3, ""name"": ""นางสาวบัวพันธ์ ผ่อนจรุง"", ""party"": ""ประชาธิปไตยใหม่"", ""votes"": null}, {""number"": 4, ""name"": ""นายรุ่งโรจน์ ภูศักดิ์"", ""party"": ""รวมไทยสร้างชาติ"", ""votes"": null}, {""number"": 5, ""name"": ""นายเชวงศักดิ์ เร่งไพบูลย์วงษ์"", ""party"": ""ภูมิใจไทย"", ""votes"": null}, {""number"": 6, ""name"": ""นางสาววิเมลือง แก้วศิริ"", ""party"": ""เพื่อไทย"", ""votes"": 912}, {""number"": 7, ""name"": ""นายสากล มาชัยภูมิ"", ""party"": ""เศรษฐกิจ"", ""votes"": null}]"
เขตเลือกตั้งที่ 6\อำเภอภูเขียว\แบ่งเขต\หนองคอนไทย-แบ่งเขต-หน่วยที่ 1-18.pdf,1,36,ชัยภูมิ,6,ภูเขียว,,1-18,แบ่งเขต,สส.5/18,แบ่งเขต,5,,,,ขต,2,2,221,520,223,23,,385,3,"[{""number"": 1, ""name"": ""นางสาววิเมลือง แก้วศิริ"", ""party"": ""เพื่อไทย"", ""votes"": null}, {""number"": 5, ""name"": ""นายเชวงศักดิ์"", ""party"": ""เร่งไพบูลย์วงษ์"", ""votes"": 209}, {""number"": 7, ""name"": ""นายสากล มาชัยภูมิ"", ""party"": ""เศรษฐกิจ"", ""votes"": null}]"
เขตเลือกตั้งที่ 6\อำเภอภูเขียว\แบ่งเขต\หนองคอนไทย-แบ่งเขต-หน่วยที่ 1-18.pdf,2,36,ชัยภูมิ,6,ภูเขียว,,1-18,แบ่งเขต,สส.5/18,,,,,,,,,,,,,,,0,[]
เขตเลือกตั้งที่ 6\อำเภอภูเขียว\แบ่งเขต\หนองคอนไทย-แบ่งเขต-หน่วยที่ 1-18.pdf,3,36,ชัยภูมิ,6,ภูเขียว,,1-18,แบ่งเขต,สส.5/18,แบ่งเขต,,,,าล,ขต,21,46,221,222,223,23,760,414,5,"[{""number"": 1, ""name"": ""นายเสถียรพงศ์ เที่ยงตรง"", ""party"": ""ประชาธิปัตย์"", ""votes"": 5}, {""number"": 2, ""name"": ""นายแทนยุทธพงษ์ วงษ์วัชรวานิช"", ""party"": ""ประชาชน"", ""votes"": null}, {""number"": 3, ""name"": ""นางสาวบัวพันธ์ ผ่อนจรุง"", ""party"": ""ประชาธิปไตยใหม่"", ""votes"": null}, {""number"": 4, ""name"": ""นายรุ่งโรจน์ ภูศักดิ์"", ""party"": ""รวมไทยสร้างชาติ"", ""votes"": 921}, {""number"": 7, ""name"": ""นายสากล มาชัยภูมิ"", ""party"": null, ""votes"": null}]"
